[2026-07-26 22:51:27] local.ERROR: Required. {"exception":"[object] (Laravel\\Prompts\\Exceptions\\NonInteractiveValidationException(code: 0): Required. at /Users/jonathanbernate/Documents/GitHub/Green_Node/admin/vendor/laravel/prompts/src/Concerns/Interactivity.php:32)
[stacktrace]
#0 /Users/jonathanbernate/Documents/GitHub/Green_Node/admin/vendor/laravel/prompts/src/Prompt.php(114): Laravel\\Prompts\\Prompt->default()
#1 /Users/jonathanbernate/Documents/GitHub/Green_Node/admin/vendor/laravel/prompts/src/helpers.php(108): Laravel\\Prompts\\Prompt->prompt()
#2 /Users/jonathanbernate/Documents/GitHub/Green_Node/admin/vendor/filament/widgets/src/Commands/MakeWidgetCommand.php(92): Laravel\\Prompts\\select('Where would you...', Array)
#3 /Users/jonathanbernate/Documents/GitHub/Green_Node/admin/vendor/laravel/framework/src/Illuminate/Container/BoundMethod.php(36): Filament\\Widgets\\Commands\\MakeWidgetCommand->handle()
#4 /Users/jonathanbernate/Documents/GitHub/Green_Node/admin/vendor/laravel/framework/src/Illuminate/Container/Util.php(43): Illuminate\\Container\\BoundMethod::{closure:Illuminate\\Container\\BoundMethod::call():35}()
#5 /Users/jonathanbernate/Documents/GitHub/Green_Node/admin/vendor/laravel/framework/src/Illuminate/Container/BoundMethod.php(96): Illuminate\\Container\\Util::unwrapIfClosure(Object(Closure))
#6 /Users/jonathanbernate/Documents/GitHub/Green_Node/admin/vendor/laravel/framework/src/Illuminate/Container/BoundMethod.php(35): Illuminate\\Container\\BoundMethod::callBoundMethod(Object(Illuminate\\Foundation\\Application), Array, Object(Closure))
#7 /Users/jonathanbernate/Documents/GitHub/Green_Node/admin/vendor/laravel/framework/src/Illuminate/Container/Container.php(800): Illuminate\\Container\\BoundMethod::call(Object(Illuminate\\Foundation\\Application), Array, Array, NULL)
#8 /Users/jonathanbernate/Documents/GitHub/Green_Node/admin/vendor/laravel/framework/src/Illuminate/Console/Command.php(280): Illuminate\\Container\\Container->call(Array)
#9 /Users/jonathanbernate/Documents/GitHub/Green_Node/admin/vendor/symfony/console/Command/Command.php(341): Illuminate\\Console\\Command->execute(Object(Symfony\\Component\\Console\\Input\\ArgvInput), Object(Laravel\\Pao\\Laravel\\PaoOutputStyle))
#10 /Users/jonathanbernate/Documents/GitHub/Green_Node/admin/vendor/laravel/framework/src/Illuminate/Console/Command.php(249): Symfony\\Component\\Console\\Command\\Command->run(Object(Symfony\\Component\\Console\\Input\\ArgvInput), Object(Laravel\\Pao\\Laravel\\PaoOutputStyle))
#11 /Users/jonathanbernate/Documents/GitHub/Green_Node/admin/vendor/symfony/console/Application.php(1117): Illuminate\\Console\\Command->run(Object(Symfony\\Component\\Console\\Input\\ArgvInput), Object(Symfony\\Component\\Console\\Output\\ConsoleOutput))
#12 /Users/jonathanbernate/Documents/GitHub/Green_Node/admin/vendor/symfony/console/Application.php(356): Symfony\\Component\\Console\\Application->doRunCommand(Object(Filament\\Widgets\\Commands\\MakeWidgetCommand), Object(Symfony\\Component\\Console\\Input\\ArgvInput), Object(Symfony\\Component\\Console\\Output\\ConsoleOutput))
#13 /Users/jonathanbernate/Documents/GitHub/Green_Node/admin/vendor/symfony/console/Application.php(195): Symfony\\Component\\Console\\Application->doRun(Object(Symfony\\Component\\Console\\Input\\ArgvInput), Object(Symfony\\Component\\Console\\Output\\ConsoleOutput))
#14 /Users/jonathanbernate/Documents/GitHub/Green_Node/admin/vendor/laravel/framework/src/Illuminate/Foundation/Console/Kernel.php(198): Symfony\\Component\\Console\\Application->run(Object(Symfony\\Component\\Console\\Input\\ArgvInput), Object(Symfony\\Component\\Console\\Output\\ConsoleOutput))
#15 /Users/jonathanbernate/Documents/GitHub/Green_Node/admin/vendor/laravel/framework/src/Illuminate/Foundation/Application.php(1242): Illuminate\\Foundation\\Console\\Kernel->handle(Object(Symfony\\Component\\Console\\Input\\ArgvInput), Object(Symfony\\Component\\Console\\Output\\ConsoleOutput))
#16 /Users/jonathanbernate/Documents/GitHub/Green_Node/admin/artisan(16): Illuminate\\Foundation\\Application->handleCommand(Object(Symfony\\Component\\Console\\Input\\ArgvInput))
#17 {main}
"} 
[2026-07-26 23:05:27] local.ERROR: Navigation group [Gestion] has an icon but one or more of its items also have icons. Either the group or its items can have icons, but not both. This is to ensure a proper user experience. (View: /Users/jonathanbernate/Documents/GitHub/Green_Node/admin/vendor/filament/filament/resources/views/components/sidebar/group.blade.php) (View: /Users/jonathanbernate/Documents/GitHub/Green_Node/admin/vendor/filament/filament/resources/views/components/sidebar/group.blade.php) (View: /Users/jonathanbernate/Documents/GitHub/Green_Node/admin/vendor/filament/filament/resources/views/components/sidebar/group.blade.php) (View: /Users/jonathanbernate/Documents/GitHub/Green_Node/admin/vendor/filament/filament/resources/views/components/sidebar/group.blade.php) {"userId":1,"exception":"[object] (Illuminate\\View\\ViewException(code: 0): Navigation group [Gestion] has an icon but one or more of its items also have icons. Either the group or its items can have icons, but not both. This is to ensure a proper user experience. (View: /Users/jonathanbernate/Documents/GitHub/Green_Node/admin/vendor/filament/filament/resources/views/components/sidebar/group.blade.php) (View: /Users/jonathanbernate/Documents/GitHub/Green_Node/admin/vendor/filament/filament/resources/views/components/sidebar/group.blade.php) (View: /Users/jonathanbernate/Documents/GitHub/Green_Node/admin/vendor/filament/filament/resources/views/components/sidebar/group.blade.php) (View: /Users/jonathanbernate/Documents/GitHub/Green_Node/admin/vendor/filament/filament/resources/views/components/sidebar/group.blade.php) at /Users/jonathanbernate/Documents/GitHub/Green_Node/admin/storage/framework/views/a926bcd68a50bfbb6597c7f3037edfc4.php:330)
[stacktrace]
#0 /Users/jonathanbernate/Documents/GitHub/Green_Node/admin/vendor/livewire/livewire/src/Mechanisms/ExtendBlade/ExtendedCompilerEngine.php(58): Illuminate\\View\\Engines\\CompilerEngine->handleViewException(Object(Illuminate\\View\\ViewException), 1)
#1 /Users/jonathanbernate/Documents/GitHub/Green_Node/admin/vendor/laravel/framework/src/Illuminate/View/Engines/PhpEngine.php(59): Livewire\\Mechanisms\\ExtendBlade\\ExtendedCompilerEngine->handleViewException(Object(Illuminate\\View\\ViewException), 1)
#2 /Users/jonathanbernate/Documents/GitHub/Green_Node/admin/vendor/livewire/livewire/src/Mechanisms/ExtendBlade/ExtendedCompilerEngine.php(22): Illuminate\\View\\Engines\\PhpEngine->evaluatePath('/Users/jonathan...', Array)
#3 /Users/jonathanbernate/Documents/GitHub/Green_Node/admin/vendor/laravel/framework/src/Illuminate/View/Engines/CompilerEngine.php(76): Livewire\\Mechanisms\\ExtendBlade\\ExtendedCompilerEngine->evaluatePath('/Users/jonathan...', Array)
#4 /Users/jonathanbernate/Documents/GitHub/Green_Node/admin/vendor/livewire/livewire/src/Mechanisms/ExtendBlade/ExtendedCompilerEngine.php(10): Illuminate\\View\\Engines\\CompilerEngine->get('/Users/jonathan...', Array)
#5 /Users/jonathanbernate/Documents/GitHub/Green_Node/admin/vendor/laravel/framework/src/Illuminate/View/View.php(208): Livewire\\Mechanisms\\ExtendBlade\\ExtendedCompilerEngine->get('/Users/jonathan...', Array)
#6 /Users/jonathanbernate/Documents/GitHub/Green_Node/admin/vendor/laravel/framework/src/Illuminate/View/View.php(191): Illuminate\\View\\View->getContents()
#7 /Users/jonathanbernate/Documents/GitHub/Green_Node/admin/vendor/laravel/framework/src/Illuminate/View/View.php(160): Illuminate\\View\\View->renderContents()
#8 /Users/jonathanbernate/Documents/GitHub/Green_Node/admin/vendor/laravel/framework/src/Illuminate/View/Compilers/BladeCompiler.php(361): Illuminate\\View\\View->render()
#9 /Users/jonathanbernate/Documents/GitHub/Green_Node/admin/vendor/laravel/framework/src/Illuminate/Support/Facades/Facade.php(364): Illuminate\\View\\Compilers\\BladeCompiler::render('    <?php $layo...', Array)
#10 /Users/jonathanbernate/Documents/GitHub/Green_Node/admin/vendor/livewire/livewire/src/Features/SupportPageComponents/SupportPageComponents.php(153): Illuminate\\Support\\Facades\\Facade::__callStatic('render', Array)
#11 /Users/jonathanbernate/Documents/GitHub/Green_Node/admin/vendor/livewire/livewire/src/Features/SupportPageComponents/HandlesPageComponents.php(24): Livewire\\Features\\SupportPageComponents\\SupportPageComponents::renderContentsIntoLayout('<div wire:snaps...', Object(Livewire\\Features\\SupportPageComponents\\PageComponentConfig))
#12 /Users/jonathanbernate/Documents/GitHub/Green_Node/admin/vendor/laravel/framework/src/Illuminate/Routing/ControllerDispatcher.php(46): Livewire\\Component->__invoke()
#13 /Users/jonathanbernate/Documents/GitHub/Green_Node/admin/vendor/laravel/framework/src/Illuminate/Routing/Route.php(276): Illuminate\\Routing\\ControllerDispatcher->dispatch(Object(Illuminate\\Routing\\Route), Object(Filament\\Pages\\Dashboard), '__invoke')
#14 /Users/jonathanbernate/Documents/GitHub/Green_Node/admin/vendor/laravel/framework/src/Illuminate/Routing/Route.php(216): Illuminate\\Routing\\Route->runController()
#15 /Users/jonathanbernate/Documents/GitHub/Green_Node/admin/vendor/laravel/framework/src/Illuminate/Routing/Router.php(822): Illuminate\\Routing\\Route->run()
#16 /Users/jonathanbernate/Documents/GitHub/Green_Node/admin/vendor/laravel/framework/src/Illuminate/Pipeline/Pipeline.php(180): Illuminate\\Routing\\Router->{closure:Illuminate\\Routing\\Router::runRouteWithinStack():821}(Object(Illuminate\\Http\\Request))
#17 /Users/jonathanbernate/Documents/GitHub/Green_Node/admin/vendor/filament/filament/src/Http/Middleware/DispatchServingFilamentEvent.php(15): Illuminate\\Pipeline\\Pipeline->{closure:Illuminate\\Pipeline\\Pipeline::prepareDestination():178}(Object(Illuminate\\Http\\Request))
#18 /Users/jonathanbernate/Documents/GitHub/Green_Node/admin/vendor/laravel/framework/src/Illuminate/Pipeline/Pipeline.php(219): Filament\\Http\\Middleware\\DispatchServingFilamentEvent->handle(Object(Illuminate\\Http\\Request), Object(Closure))
#19 /Users/jonathanbernate/Documents/GitHub/Green_Node/admin/vendor/filament/filament/src/Http/Middleware/DisableBladeIconComponents.php(14): Illuminate\\Pipeline\\Pipeline->{closure:{closure:Illuminate\\Pipeline\\Pipeline::carry():194}:195}(Object(Illuminate\\Http\\Request))
#20 /Users/jonathanbernate/Documents/GitHub/Green_Node/admin/vendor/laravel/framework/src/Illuminate/Pipeline/Pipeline.php(219): Filament\\Http\\Middleware\\DisableBladeIconComponents->handle(Object(Illuminate\\Http\\Request), Object(Closure))
#21 /Users/jonathanbernate/Documents/GitHub/Green_Node/admin/vendor/laravel/framework/src/Illuminate/Routing/Middleware/SubstituteBindings.php(52): Illuminate\\Pipeline\\Pipeline->{closure:{closure:Illuminate\\Pipeline\\Pipeline::carry():194}:195}(Object(Illuminate\\Http\\Request))
#22 /Users/jonathanbernate/Documents/GitHub/Green_Node/admin/vendor/laravel/framework/src/Illuminate/Pipeline/Pipeline.php(219): Illuminate\\Routing\\Middleware\\SubstituteBindings->handle(Object(Illuminate\\Http\\Request), Object(Closure))
#23 /Users/jonathanbernate/Documents/GitHub/Green_Node/admin/vendor/laravel/framework/src/Illuminate/Foundation/Http/Middleware/PreventRequestForgery.php(104): Illuminate\\Pipeline\\Pipeline->{closure:{closure:Illuminate\\Pipeline\\Pipeline::carry():194}:195}(Object(Illuminate\\Http\\Request))
#24 /Users/jonathanbernate/Documents/GitHub/Green_Node/admin/vendor/laravel/framework/src/Illuminate/Pipeline/Pipeline.php(219): Illuminate\\Foundation\\Http\\Middleware\\PreventRequestForgery->handle(Object(Illuminate\\Http\\Request), Object(Closure))
#25 /Users/jonathanbernate/Documents/GitHub/Green_Node/admin/vendor/laravel/framework/src/Illuminate/Session/Middleware/AuthenticateSession.php(70): Illuminate\\Pipeline\\Pipeline->{closure:{closure:Illuminate\\Pipeline\\Pipeline::carry():194}:195}(Object(Illuminate\\Http\\Request))
#26 /Users/jonathanbernate/Documents/GitHub/Green_Node/admin/vendor/laravel/framework/src/Illuminate/Pipeline/Pipeline.php(219): Illuminate\\Session\\Middleware\\AuthenticateSession->handle(Object(Illuminate\\Http\\Request), Object(Closure))
#27 /Users/jonathanbernate/Documents/GitHub/Green_Node/admin/vendor/laravel/framework/src/Illuminate/Auth/Middleware/Authenticate.php(63): Illuminate\\Pipeline\\Pipeline->{closure:{closure:Illuminate\\Pipeline\\Pipeline::carry():194}:195}(Object(Illuminate\\Http\\Request))
#28 /Users/jonathanbernate/Documents/GitHub/Green_Node/admin/vendor/laravel/framework/src/Illuminate/Pipeline/Pipeline.php(219): Illuminate\\Auth\\Middleware\\Authenticate->handle(Object(Illuminate\\Http\\Request), Object(Closure))
#29 /Users/jonathanbernate/Documents/GitHub/Green_Node/admin/vendor/laravel/framework/src/Illuminate/View/Middleware/ShareErrorsFromSession.php(48): Illuminate\\Pipeline\\Pipeline->{closure:{closure:Illuminate\\Pipeline\\Pipeline::carry():194}:195}(Object(Illuminate\\Http\\Request))
#30 /Users/jonathanbernate/Documents/GitHub/Green_Node/admin/vendor/laravel/framework/src/Illuminate/Pipeline/Pipeline.php(219): Illuminate\\View\\Middleware\\ShareErrorsFromSession->handle(Object(Illuminate\\Http\\Request), Object(Closure))
#31 /Users/jonathanbernate/Documents/GitHub/Green_Node/admin/vendor/laravel/framework/src/Illuminate/Session/Middleware/StartSession.php(120): Illuminate\\Pipeline\\Pipeline->{closure:{closure:Illuminate\\Pipeline\\Pipeline::carry():194}:195}(Object(Illuminate\\Http\\Request))
#32 /Users/jonathanbernate/Documents/GitHub/Green_Node/admin/vendor/laravel/framework/src/Illuminate/Session/Middleware/StartSession.php(63): Illuminate\\Session\\Middleware\\StartSession->handleStatefulRequest(Object(Illuminate\\Http\\Request), Object(Illuminate\\Session\\Store), Object(Closure))
#33 /Users/jonathanbernate/Documents/GitHub/Green_Node/admin/vendor/laravel/framework/src/Illuminate/Pipeline/Pipeline.php(219): Illuminate\\Session\\Middleware\\StartSession->handle(Object(Illuminate\\Http\\Request), Object(Closure))
#34 /Users/jonathanbernate/Documents/GitHub/Green_Node/admin/vendor/laravel/framework/src/Illuminate/Cookie/Middleware/AddQueuedCookiesToResponse.php(36): Illuminate\\Pipeline\\Pipeline->{closure:{closure:Illuminate\\Pipeline\\Pipeline::carry():194}:195}(Object(Illuminate\\Http\\Request))
#35 /Users/jonathanbernate/Documents/GitHub/Green_Node/admin/vendor/laravel/framework/src/Illuminate/Pipeline/Pipeline.php(219): Illuminate\\Cookie\\Middleware\\AddQueuedCookiesToResponse->handle(Object(Illuminate\\Http\\Request), Object(Closure))
#36 /Users/jonathanbernate/Documents/GitHub/Green_Node/admin/vendor/laravel/framework/src/Illuminate/Cookie/Middleware/EncryptCookies.php(74): Illuminate\\Pipeline\\Pipeline->{closure:{closure:Illuminate\\Pipeline\\Pipeline::carry():194}:195}(Object(Illuminate\\Http\\Request))
#37 /Users/jonathanbernate/Documents/GitHub/Green_Node/admin/vendor/laravel/framework/src/Illuminate/Pipeline/Pipeline.php(219): Illuminate\\Cookie\\Middleware\\EncryptCookies->handle(Object(Illuminate\\Http\\Request), Object(Closure))
#38 /Users/jonathanbernate/Documents/GitHub/Green_Node/admin/vendor/filament/filament/src/Http/Middleware/SetUpPanel.php(19): Illuminate\\Pipeline\\Pipeline->{closure:{closure:Illuminate\\Pipeline\\Pipeline::carry():194}:195}(Object(Illuminate\\Http\\Request))
#39 /Users/jonathanbernate/Documents/GitHub/Green_Node/admin/vendor/laravel/framework/src/Illuminate/Pipeline/Pipeline.php(219): Filament\\Http\\Middleware\\SetUpPanel->handle(Object(Illuminate\\Http\\Request), Object(Closure), Object(Filament\\Panel))
#40 /Users/jonathanbernate/Documents/GitHub/Green_Node/admin/vendor/laravel/framework/src/Illuminate/Pipeline/Pipeline.php(137): Illuminate\\Pipeline\\Pipeline->{closure:{closure:Illuminate\\Pipeline\\Pipeline::carry():194}:195}(Object(Illuminate\\Http\\Request))
#41 /Users/jonathanbernate/Documents/GitHub/Green_Node/admin/vendor/laravel/framework/src/Illuminate/Routing/Router.php(821): Illuminate\\Pipeline\\Pipeline->then(Object(Closure))
#42 /Users/jonathanbernate/Documents/GitHub/Green_Node/admin/vendor/laravel/framework/src/Illuminate/Routing/Router.php(800): Illuminate\\Routing\\Router->runRouteWithinStack(Object(Illuminate\\Routing\\Route), Object(Illuminate\\Http\\Request))
#43 /Users/jonathanbernate/Documents/GitHub/Green_Node/admin/vendor/laravel/framework/src/Illuminate/Routing/Router.php(764): Illuminate\\Routing\\Router->runRoute(Object(Illuminate\\Http\\Request), Object(Illuminate\\Routing\\Route))
#44 /Users/jonathanbernate/Documents/GitHub/Green_Node/admin/vendor/laravel/framework/src/Illuminate/Routing/Router.php(753): Illuminate\\Routing\\Router->dispatchToRoute(Object(Illuminate\\Http\\Request))
#45 /Users/jonathanbernate/Documents/GitHub/Green_Node/admin/vendor/laravel/framework/src/Illuminate/Foundation/Http/Kernel.php(200): Illuminate\\Routing\\Router->dispatch(Object(Illuminate\\Http\\Request))
#46 /Users/jonathanbernate/Documents/GitHub/Green_Node/admin/vendor/laravel/framework/src/Illuminate/Pipeline/Pipeline.php(180): Illuminate\\Foundation\\Http\\Kernel->{closure:Illuminate\\Foundation\\Http\\Kernel::dispatchToRouter():197}(Object(Illuminate\\Http\\Request))
#47 /Users/jonathanbernate/Documents/GitHub/Green_Node/admin/vendor/livewire/livewire/src/Features/SupportDisablingBackButtonCache/DisableBackButtonCacheMiddleware.php(19): Illuminate\\Pipeline\\Pipeline->{closure:Illuminate\\Pipeline\\Pipeline::prepareDestination():178}(Object(Illuminate\\Http\\Request))
#48 /Users/jonathanbernate/Documents/GitHub/Green_Node/admin/vendor/laravel/framework/src/Illuminate/Pipeline/Pipeline.php(219): Livewire\\Features\\SupportDisablingBackButtonCache\\DisableBackButtonCacheMiddleware->handle(Object(Illuminate\\Http\\Request), Object(Closure))
#49 /Users/jonathanbernate/Documents/GitHub/Green_Node/admin/vendor/laravel/framework/src/Illuminate/Foundation/Http/Middleware/TransformsRequest.php(21): Illuminate\\Pipeline\\Pipeline->{closure:{closure:Illuminate\\Pipeline\\Pipeline::carry():194}:195}(Object(Illuminate\\Http\\Request))
#50 /Users/jonathanbernate/Documents/GitHub/Green_Node/admin/vendor/laravel/framework/src/Illuminate/Foundation/Http/Middleware/ConvertEmptyStringsToNull.php(31): Illuminate\\Foundation\\Http\\Middleware\\TransformsRequest->handle(Object(Illuminate\\Http\\Request), Object(Closure))
#51 /Users/jonathanbernate/Documents/GitHub/Green_Node/admin/vendor/laravel/framework/src/Illuminate/Pipeline/Pipeline.php(219): Illuminate\\Foundation\\Http\\Middleware\\ConvertEmptyStringsToNull->handle(Object(Illuminate\\Http\\Request), Object(Closure))
#52 /Users/jonathanbernate/Documents/GitHub/Green_Node/admin/vendor/laravel/framework/src/Illuminate/Foundation/Http/Middleware/TransformsRequest.php(21): Illuminate\\Pipeline\\Pipeline->{closure:{closure:Illuminate\\Pipeline\\Pipeline::carry():194}:195}(Object(Illuminate\\Http\\Request))
#53 /Users/jonathanbernate/Documents/GitHub/Green_Node/admin/vendor/laravel/framework/src/Illuminate/Foundation/Http/Middleware/TrimStrings.php(51): Illuminate\\Foundation\\Http\\Middleware\\TransformsRequest->handle(Object(Illuminate\\Http\\Request), Object(Closure))
#54 /Users/jonathanbernate/Documents/GitHub/Green_Node/admin/vendor/laravel/framework/src/Illuminate/Pipeline/Pipeline.php(219): Illuminate\\Foundation\\Http\\Middleware\\TrimStrings->handle(Object(Illuminate\\Http\\Request), Object(Closure))
#55 /Users/jonathanbernate/Documents/GitHub/Green_Node/admin/vendor/laravel/framework/src/Illuminate/Http/Middleware/ValidatePostSize.php(27): Illuminate\\Pipeline\\Pipeline->{closure:{closure:Illuminate\\Pipeline\\Pipeline::carry():194}:195}(Object(Illuminate\\Http\\Request))
#56 /Users/jonathanbernate/Documents/GitHub/Green_Node/admin/vendor/laravel/framework/src/Illuminate/Pipeline/Pipeline.php(219): Illuminate\\Http\\Middleware\\ValidatePostSize->handle(Object(Illuminate\\Http\\Request), Object(Closure))
#57 /Users/jonathanbernate/Documents/GitHub/Green_Node/admin/vendor/laravel/framework/src/Illuminate/Foundation/Http/Middleware/PreventRequestsDuringMaintenance.php(109): Illuminate\\Pipeline\\Pipeline->{closure:{closure:Illuminate\\Pipeline\\Pipeline::carry():194}:195}(Object(Illuminate\\Http\\Request))
#58 /Users/jonathanbernate/Documents/GitHub/Green_Node/admin/vendor/laravel/framework/src/Illuminate/Pipeline/Pipeline.php(219): Illuminate\\Foundation\\Http\\Middleware\\PreventRequestsDuringMaintenance->handle(Object(Illuminate\\Http\\Request), Object(Closure))
#59 /Users/jonathanbernate/Documents/GitHub/Green_Node/admin/vendor/laravel/framework/src/Illuminate/Http/Middleware/HandleCors.php(61): Illuminate\\Pipeline\\Pipeline->{closure:{closure:Illuminate\\Pipeline\\Pipeline::carry():194}:195}(Object(Illuminate\\Http\\Request))
#60 /Users/jonathanbernate/Documents/GitHub/Green_Node/admin/vendor/laravel/framework/src/Illuminate/Pipeline/Pipeline.php(219): Illuminate\\Http\\Middleware\\HandleCors->handle(Object(Illuminate\\Http\\Request), Object(Closure))
#61 /Users/jonathanbernate/Documents/GitHub/Green_Node/admin/vendor/laravel/framework/src/Illuminate/Http/Middleware/TrustProxies.php(58): Illuminate\\Pipeline\\Pipeline->{closure:{closure:Illuminate\\Pipeline\\Pipeline::carry():194}:195}(Object(Illuminate\\Http\\Request))
#62 /Users/jonathanbernate/Documents/GitHub/Green_Node/admin/vendor/laravel/framework/src/Illuminate/Pipeline/Pipeline.php(219): Illuminate\\Http\\Middleware\\TrustProxies->handle(Object(Illuminate\\Http\\Request), Object(Closure))
#63 /Users/jonathanbernate/Documents/GitHub/Green_Node/admin/vendor/laravel/framework/src/Illuminate/Foundation/Http/Middleware/InvokeDeferredCallbacks.php(22): Illuminate\\Pipeline\\Pipeline->{closure:{closure:Illuminate\\Pipeline\\Pipeline::carry():194}:195}(Object(Illuminate\\Http\\Request))
#64 /Users/jonathanbernate/Documents/GitHub/Green_Node/admin/vendor/laravel/framework/src/Illuminate/Pipeline/Pipeline.php(219): Illuminate\\Foundation\\Http\\Middleware\\InvokeDeferredCallbacks->handle(Object(Illuminate\\Http\\Request), Object(Closure))
#65 /Users/jonathanbernate/Documents/GitHub/Green_Node/admin/vendor/laravel/framework/src/Illuminate/Http/Middleware/ValidatePathEncoding.php(28): Illuminate\\Pipeline\\Pipeline->{closure:{closure:Illuminate\\Pipeline\\Pipeline::carry():194}:195}(Object(Illuminate\\Http\\Request))
#66 /Users/jonathanbernate/Documents/GitHub/Green_Node/admin/vendor/laravel/framework/src/Illuminate/Pipeline/Pipeline.php(219): Illuminate\\Http\\Middleware\\ValidatePathEncoding->handle(Object(Illuminate\\Http\\Request), Object(Closure))
#67 /Users/jonathanbernate/Documents/GitHub/Green_Node/admin/vendor/laravel/framework/src/Illuminate/Pipeline/Pipeline.php(137): Illuminate\\Pipeline\\Pipeline->{closure:{closure:Illuminate\\Pipeline\\Pipeline::carry():194}:195}(Object(Illuminate\\Http\\Request))
#68 /Users/jonathanbernate/Documents/GitHub/Green_Node/admin/vendor/laravel/framework/src/Illuminate/Foundation/Http/Kernel.php(175): Illuminate\\Pipeline\\Pipeline->then(Object(Closure))
#69 /Users/jonathanbernate/Documents/GitHub/Green_Node/admin/vendor/laravel/framework/src/Illuminate/Foundation/Http/Kernel.php(144): Illuminate\\Foundation\\Http\\Kernel->sendRequestThroughRouter(Object(Illuminate\\Http\\Request))
#70 /Users/jonathanbernate/Documents/GitHub/Green_Node/admin/vendor/laravel/framework/src/Illuminate/Foundation/Application.php(1227): Illuminate\\Foundation\\Http\\Kernel->handle(Object(Illuminate\\Http\\Request))
#71 /Users/jonathanbernate/Documents/GitHub/Green_Node/admin/public/index.php(20): Illuminate\\Foundation\\Application->handleRequest(Object(Illuminate\\Http\\Request))
#72 /Users/jonathanbernate/Documents/GitHub/Green_Node/admin/vendor/laravel/framework/src/Illuminate/Foundation/resources/server.php(23): require_once('/Users/jonathan...')
#73 {main}

[previous exception] [object] (Illuminate\\View\\ViewException(code: 0): Navigation group [Gestion] has an icon but one or more of its items also have icons. Either the group or its items can have icons, but not both. This is to ensure a proper user experience. (View: /Users/jonathanbernate/Documents/GitHub/Green_Node/admin/vendor/filament/filament/resources/views/components/sidebar/group.blade.php) (View: /Users/jonathanbernate/Documents/GitHub/Green_Node/admin/vendor/filament/filament/resources/views/components/sidebar/group.blade.php) (View: /Users/jonathanbernate/Documents/GitHub/Green_Node/admin/vendor/filament/filament/resources/views/components/sidebar/group.blade.php) at /Users/jonathanbernate/Documents/GitHub/Green_Node/admin/storage/framework/views/a926bcd68a50bfbb6597c7f3037edfc4.php:330)
[stacktrace]
#0 /Users/jonathanbernate/Documents/GitHub/Green_Node/admin/vendor/livewire/livewire/src/Mechanisms/ExtendBlade/ExtendedCompilerEngine.php(58): Illuminate\\View\\Engines\\CompilerEngine->handleViewException(Object(Illuminate\\View\\ViewException), 2)
#1 /Users/jonathanbernate/Documents/GitHub/Green_Node/admin/vendor/laravel/framework/src/Illuminate/View/Engines/PhpEngine.php(59): Livewire\\Mechanisms\\ExtendBlade\\ExtendedCompilerEngine->handleViewException(Object(Illuminate\\View\\ViewException), 2)
#2 /Users/jonathanbernate/Documents/GitHub/Green_Node/admin/vendor/livewire/livewire/src/Mechanisms/ExtendBlade/ExtendedCompilerEngine.php(22): Illuminate\\View\\Engines\\PhpEngine->evaluatePath('/Users/jonathan...', Array)
#3 /Users/jonathanbernate/Documents/GitHub/Green_Node/admin/vendor/laravel/framework/src/Illuminate/View/Engines/CompilerEngine.php(76): Livewire\\Mechanisms\\ExtendBlade\\ExtendedCompilerEngine->evaluatePath('/Users/jonathan...', Array)
#4 /Users/jonathanbernate/Documents/GitHub/Green_Node/admin/vendor/livewire/livewire/src/Mechanisms/ExtendBlade/ExtendedCompilerEngine.php(10): Illuminate\\View\\Engines\\CompilerEngine->get('/Users/jonathan...', Array)
#5 /Users/jonathanbernate/Documents/GitHub/Green_Node/admin/vendor/laravel/framework/src/Illuminate/View/View.php(208): Livewire\\Mechanisms\\ExtendBlade\\ExtendedCompilerEngine->get('/Users/jonathan...', Array)
#6 /Users/jonathanbernate/Documents/GitHub/Green_Node/admin/vendor/laravel/framework/src/Illuminate/View/View.php(191): Illuminate\\View\\View->getContents()
#7 /Users/jonathanbernate/Documents/GitHub/Green_Node/admin/vendor/laravel/framework/src/Illuminate/View/View.php(160): Illuminate\\View\\View->renderContents()
#8 /Users/jonathanbernate/Documents/GitHub/Green_Node/admin/vendor/laravel/framework/src/Illuminate/View/Concerns/ManagesComponents.php(103): Illuminate\\View\\View->render()
#9 /Users/jonathanbernate/Documents/GitHub/Green_Node/admin/storage/framework/views/528abea6fabcbcaacd06e6f964c4e6ef.php(17): Illuminate\\View\\Factory->renderComponent()
#10 /Users/jonathanbernate/Documents/GitHub/Green_Node/admin/vendor/laravel/framework/src/Illuminate/Filesystem/Filesystem.php(123): require('/Users/jonathan...')
#11 /Users/jonathanbernate/Documents/GitHub/Green_Node/admin/vendor/laravel/framework/src/Illuminate/Filesystem/Filesystem.php(124): Illuminate\\Filesystem\\Filesystem::{closure:Illuminate\\Filesystem\\Filesystem::getRequire():120}()
#12 /Users/jonathanbernate/Documents/GitHub/Green_Node/admin/vendor/laravel/framework/src/Illuminate/View/Engines/PhpEngine.php(57): Illuminate\\Filesystem\\Filesystem->getRequire('/Users/jonathan...', Array)
#13 /Users/jonathanbernate/Documents/GitHub/Green_Node/admin/vendor/livewire/livewire/src/Mechanisms/ExtendBlade/ExtendedCompilerEngine.php(22): Illuminate\\View\\Engines\\PhpEngine->evaluatePath('/Users/jonathan...', Array)
#14 /Users/jonathanbernate/Documents/GitHub/Green_Node/admin/vendor/laravel/framework/src/Illuminate/View/Engines/CompilerEngine.php(76): Livewire\\Mechanisms\\ExtendBlade\\ExtendedCompilerEngine->evaluatePath('/Users/jonathan...', Array)
#15 /Users/jonathanbernate/Documents/GitHub/Green_Node/admin/vendor/livewire/livewire/src/Mechanisms/ExtendBlade/ExtendedCompilerEngine.php(10): Illuminate\\View\\Engines\\CompilerEngine->get('/Users/jonathan...', Array)
#16 /Users/jonathanbernate/Documents/GitHub/Green_Node/admin/vendor/laravel/framework/src/Illuminate/View/View.php(208): Livewire\\Mechanisms\\ExtendBlade\\ExtendedCompilerEngine->get('/Users/jonathan...', Array)
#17 /Users/jonathanbernate/Documents/GitHub/Green_Node/admin/vendor/laravel/framework/src/Illuminate/View/View.php(191): Illuminate\\View\\View->getContents()
#18 /Users/jonathanbernate/Documents/GitHub/Green_Node/admin/vendor/laravel/framework/src/Illuminate/View/View.php(160): Illuminate\\View\\View->renderContents()
#19 /Users/jonathanbernate/Documents/GitHub/Green_Node/admin/vendor/laravel/framework/src/Illuminate/View/Compilers/BladeCompiler.php(361): Illuminate\\View\\View->render()
#20 /Users/jonathanbernate/Documents/GitHub/Green_Node/admin/vendor/laravel/framework/src/Illuminate/Support/Facades/Facade.php(364): Illuminate\\View\\Compilers\\BladeCompiler::render('    <?php $layo...', Array)
#21 /Users/jonathanbernate/Documents/GitHub/Green_Node/admin/vendor/livewire/livewire/src/Features/SupportPageComponents/SupportPageComponents.php(153): Illuminate\\Support\\Facades\\Facade::__callStatic('render', Array)
#22 /Users/jonathanbernate/Documents/GitHub/Green_Node/admin/vendor/livewire/livewire/src/Features/SupportPageComponents/HandlesPageComponents.php(24): Livewire\\Features\\SupportPageComponents\\SupportPageComponents::renderContentsIntoLayout('<div wire:snaps...', Object(Livewire\\Features\\SupportPageComponents\\PageComponentConfig))
#23 /Users/jonathanbernate/Documents/GitHub/Green_Node/admin/vendor/laravel/framework/src/Illuminate/Routing/ControllerDispatcher.php(46): Livewire\\Component->__invoke()
#24 /Users/jonathanbernate/Documents/GitHub/Green_Node/admin/vendor/laravel/framework/src/Illuminate/Routing/Route.php(276): Illuminate\\Routing\\ControllerDispatcher->dispatch(Object(Illuminate\\Routing\\Route), Object(Filament\\Pages\\Dashboard), '__invoke')
#25 /Users/jonathanbernate/Documents/GitHub/Green_Node/admin/vendor/laravel/framework/src/Illuminate/Routing/Route.php(216): Illuminate\\Routing\\Route->runController()
#26 /Users/jonathanbernate/Documents/GitHub/Green_Node/admin/vendor/laravel/framework/src/Illuminate/Routing/Router.php(822): Illuminate\\Routing\\Route->run()
#27 /Users/jonathanbernate/Documents/GitHub/Green_Node/admin/vendor/laravel/framework/src/Illuminate/Pipeline/Pipeline.php(180): Illuminate\\Routing\\Router->{closure:Illuminate\\Routing\\Router::runRouteWithinStack():821}(Object(Illuminate\\Http\\Request))
#28 /Users/jonathanbernate/Documents/GitHub/Green_Node/admin/vendor/filament/filament/src/Http/Middleware/DispatchServingFilamentEvent.php(15): Illuminate\\Pipeline\\Pipeline->{closure:Illuminate\\Pipeline\\Pipeline::prepareDestination():178}(Object(Illuminate\\Http\\Request))
#29 /Users/jonathanbernate/Documents/GitHub/Green_Node/admin/vendor/laravel/framework/src/Illuminate/Pipeline/Pipeline.php(219): Filament\\Http\\Middleware\\DispatchServingFilamentEvent->handle(Object(Illuminate\\Http\\Request), Object(Closure))
#30 /Users/jonathanbernate/Documents/GitHub/Green_Node/admin/vendor/filament/filament/src/Http/Middleware/DisableBladeIconComponents.php(14): Illuminate\\Pipeline\\Pipeline->{closure:{closure:Illuminate\\Pipeline\\Pipeline::carry():194}:195}(Object(Illuminate\\Http\\Request))
#31 /Users/jonathanbernate/Documents/GitHub/Green_Node/admin/vendor/laravel/framework/src/Illuminate/Pipeline/Pipeline.php(219): Filament\\Http\\Middleware\\DisableBladeIconComponents->handle(Object(Illuminate\\Http\\Request), Object(Closure))
#32 /Users/jonathanbernate/Documents/GitHub/Green_Node/admin/vendor/laravel/framework/src/Illuminate/Routing/Middleware/SubstituteBindings.php(52): Illuminate\\Pipeline\\Pipeline->{closure:{closure:Illuminate\\Pipeline\\Pipeline::carry():194}:195}(Object(Illuminate\\Http\\Request))
#33 /Users/jonathanbernate/Documents/GitHub/Green_Node/admin/vendor/laravel/framework/src/Illuminate/Pipeline/Pipeline.php(219): Illuminate\\Routing\\Middleware\\SubstituteBindings->handle(Object(Illuminate\\Http\\Request), Object(Closure))
#34 /Users/jonathanbernate/Documents/GitHub/Green_Node/admin/vendor/laravel/framework/src/Illuminate/Foundation/Http/Middleware/PreventRequestForgery.php(104): Illuminate\\Pipeline\\Pipeline->{closure:{closure:Illuminate\\Pipeline\\Pipeline::carry():194}:195}(Object(Illuminate\\Http\\Request))
#35 /Users/jonathanbernate/Documents/GitHub/Green_Node/admin/vendor/laravel/framework/src/Illuminate/Pipeline/Pipeline.php(219): Illuminate\\Foundation\\Http\\Middleware\\PreventRequestForgery->handle(Object(Illuminate\\Http\\Request), Object(Closure))
#36 /Users/jonathanbernate/Documents/GitHub/Green_Node/admin/vendor/laravel/framework/src/Illuminate/Session/Middleware/AuthenticateSession.php(70): Illuminate\\Pipeline\\Pipeline->{closure:{closure:Illuminate\\Pipeline\\Pipeline::carry():194}:195}(Object(Illuminate\\Http\\Request))
#37 /Users/jonathanbernate/Documents/GitHub/Green_Node/admin/vendor/laravel/framework/src/Illuminate/Pipeline/Pipeline.php(219): Illuminate\\Session\\Middleware\\AuthenticateSession->handle(Object(Illuminate\\Http\\Request), Object(Closure))
#38 /Users/jonathanbernate/Documents/GitHub/Green_Node/admin/vendor/laravel/framework/src/Illuminate/Auth/Middleware/Authenticate.php(63): Illuminate\\Pipeline\\Pipeline->{closure:{closure:Illuminate\\Pipeline\\Pipeline::carry():194}:195}(Object(Illuminate\\Http\\Request))
#39 /Users/jonathanbernate/Documents/GitHub/Green_Node/admin/vendor/laravel/framework/src/Illuminate/Pipeline/Pipeline.php(219): Illuminate\\Auth\\Middleware\\Authenticate->handle(Object(Illuminate\\Http\\Request), Object(Closure))
#40 /Users/jonathanbernate/Documents/GitHub/Green_Node/admin/vendor/laravel/framework/src/Illuminate/View/Middleware/ShareErrorsFromSession.php(48): Illuminate\\Pipeline\\Pipeline->{closure:{closure:Illuminate\\Pipeline\\Pipeline::carry():194}:195}(Object(Illuminate\\Http\\Request))
#41 /Users/jonathanbernate/Documents/GitHub/Green_Node/admin/vendor/laravel/framework/src/Illuminate/Pipeline/Pipeline.php(219): Illuminate\\View\\Middleware\\ShareErrorsFromSession->handle(Object(Illuminate\\Http\\Request), Object(Closure))
#42 /Users/jonathanbernate/Documents/GitHub/Green_Node/admin/vendor/laravel/framework/src/Illuminate/Session/Middleware/StartSession.php(120): Illuminate\\Pipeline\\Pipeline->{closure:{closure:Illuminate\\Pipeline\\Pipeline::carry():194}:195}(Object(Illuminate\\Http\\Request))
#43 /Users/jonathanbernate/Documents/GitHub/Green_Node/admin/vendor/laravel/framework/src/Illuminate/Session/Middleware/StartSession.php(63): Illuminate\\Session\\Middleware\\StartSession->handleStatefulRequest(Object(Illuminate\\Http\\Request), Object(Illuminate\\Session\\Store), Object(Closure))
#44 /Users/jonathanbernate/Documents/GitHub/Green_Node/admin/vendor/laravel/framework/src/Illuminate/Pipeline/Pipeline.php(219): Illuminate\\Session\\Middleware\\StartSession->handle(Object(Illuminate\\Http\\Request), Object(Closure))
#45 /Users/jonathanbernate/Documents/GitHub/Green_Node/admin/vendor/laravel/framework/src/Illuminate/Cookie/Middleware/AddQueuedCookiesToResponse.php(36): Illuminate\\Pipeline\\Pipeline->{closure:{closure:Illuminate\\Pipeline\\Pipeline::carry():194}:195}(Object(Illuminate\\Http\\Request))
#46 /Users/jonathanbernate/Documents/GitHub/Green_Node/admin/vendor/laravel/framework/src/Illuminate/Pipeline/Pipeline.php(219): Illuminate\\Cookie\\Middleware\\AddQueuedCookiesToResponse->handle(Object(Illuminate\\Http\\Request), Object(Closure))
#47 /Users/jonathanbernate/Documents/GitHub/Green_Node/admin/vendor/laravel/framework/src/Illuminate/Cookie/Middleware/EncryptCookies.php(74): Illuminate\\Pipeline\\Pipeline->{closure:{closure:Illuminate\\Pipeline\\Pipeline::carry():194}:195}(Object(Illuminate\\Http\\Request))
#48 /Users/jonathanbernate/Documents/GitHub/Green_Node/admin/vendor/laravel/framework/src/Illuminate/Pipeline/Pipeline.php(219): Illuminate\\Cookie\\Middleware\\EncryptCookies->handle(Object(Illuminate\\Http\\Request), Object(Closure))
#49 /Users/jonathanbernate/Documents/GitHub/Green_Node/admin/vendor/filament/filament/src/Http/Middleware/SetUpPanel.php(19): Illuminate\\Pipeline\\Pipeline->{closure:{closure:Illuminate\\Pipeline\\Pipeline::carry():194}:195}(Object(Illuminate\\Http\\Request))
#50 /Users/jonathanbernate/Documents/GitHub/Green_Node/admin/vendor/laravel/framework/src/Illuminate/Pipeline/Pipeline.php(219): Filament\\Http\\Middleware\\SetUpPanel->handle(Object(Illuminate\\Http\\Request), Object(Closure), Object(Filament\\Panel))
#51 /Users/jonathanbernate/Documents/GitHub/Green_Node/admin/vendor/laravel/framework/src/Illuminate/Pipeline/Pipeline.php(137): Illuminate\\Pipeline\\Pipeline->{closure:{closure:Illuminate\\Pipeline\\Pipeline::carry():194}:195}(Object(Illuminate\\Http\\Request))
#52 /Users/jonathanbernate/Documents/GitHub/Green_Node/admin/vendor/laravel/framework/src/Illuminate/Routing/Router.php(821): Illuminate\\Pipeline\\Pipeline->then(Object(Closure))
#53 /Users/jonathanbernate/Documents/GitHub/Green_Node/admin/vendor/laravel/framework/src/Illuminate/Routing/Router.php(800): Illuminate\\Routing\\Router->runRouteWithinStack(Object(Illuminate\\Routing\\Route), Object(Illuminate\\Http\\Request))
#54 /Users/jonathanbernate/Documents/GitHub/Green_Node/admin/vendor/laravel/framework/src/Illuminate/Routing/Router.php(764): Illuminate\\Routing\\Router->runRoute(Object(Illuminate\\Http\\Request), Object(Illuminate\\Routing\\Route))
#55 /Users/jonathanbernate/Documents/GitHub/Green_Node/admin/vendor/laravel/framework/src/Illuminate/Routing/Router.php(753): Illuminate\\Routing\\Router->dispatchToRoute(Object(Illuminate\\Http\\Request))
#56 /Users/jonathanbernate/Documents/GitHub/Green_Node/admin/vendor/laravel/framework/src/Illuminate/Foundation/Http/Kernel.php(200): Illuminate\\Routing\\Router->dispatch(Object(Illuminate\\Http\\Request))
#57 /Users/jonathanbernate/Documents/GitHub/Green_Node/admin/vendor/laravel/framework/src/Illuminate/Pipeline/Pipeline.php(180): Illuminate\\Foundation\\Http\\Kernel->{closure:Illuminate\\Foundation\\Http\\Kernel::dispatchToRouter():197}(Object(Illuminate\\Http\\Request))
#58 /Users/jonathanbernate/Documents/GitHub/Green_Node/admin/vendor/livewire/livewire/src/Features/SupportDisablingBackButtonCache/DisableBackButtonCacheMiddleware.php(19): Illuminate\\Pipeline\\Pipeline->{closure:Illuminate\\Pipeline\\Pipeline::prepareDestination():178}(Object(Illuminate\\Http\\Request))
#59 /Users/jonathanbernate/Documents/GitHub/Green_Node/admin/vendor/laravel/framework/src/Illuminate/Pipeline/Pipeline.php(219): Livewire\\Features\\SupportDisablingBackButtonCache\\DisableBackButtonCacheMiddleware->handle(Object(Illuminate\\Http\\Request), Object(Closure))
#60 /Users/jonathanbernate/Documents/GitHub/Green_Node/admin/vendor/laravel/framework/src/Illuminate/Foundation/Http/Middleware/TransformsRequest.php(21): Illuminate\\Pipeline\\Pipeline->{closure:{closure:Illuminate\\Pipeline\\Pipeline::carry():194}:195}(Object(Illuminate\\Http\\Request))
#61 /Users/jonathanbernate/Documents/GitHub/Green_Node/admin/vendor/laravel/framework/src/Illuminate/Foundation/Http/Middleware/ConvertEmptyStringsToNull.php(31): Illuminate\\Foundation\\Http\\Middleware\\TransformsRequest->handle(Object(Illuminate\\Http\\Request), Object(Closure))
#62 /Users/jonathanbernate/Documents/GitHub/Green_Node/admin/vendor/laravel/framework/src/Illuminate/Pipeline/Pipeline.php(219): Illuminate\\Foundation\\Http\\Middleware\\ConvertEmptyStringsToNull->handle(Object(Illuminate\\Http\\Request), Object(Closure))
#63 /Users/jonathanbernate/Documents/GitHub/Green_Node/admin/vendor/laravel/framework/src/Illuminate/Foundation/Http/Middleware/TransformsRequest.php(21): Illuminate\\Pipeline\\Pipeline->{closure:{closure:Illuminate\\Pipeline\\Pipeline::carry():194}:195}(Object(Illuminate\\Http\\Request))
#64 /Users/jonathanbernate/Documents/GitHub/Green_Node/admin/vendor/laravel/framework/src/Illuminate/Foundation/Http/Middleware/TrimStrings.php(51): Illuminate\\Foundation\\Http\\Middleware\\TransformsRequest->handle(Object(Illuminate\\Http\\Request), Object(Closure))
#65 /Users/jonathanbernate/Documents/GitHub/Green_Node/admin/vendor/laravel/framework/src/Illuminate/Pipeline/Pipeline.php(219): Illuminate\\Foundation\\Http\\Middleware\\TrimStrings->handle(Object(Illuminate\\Http\\Request), Object(Closure))
#66 /Users/jonathanbernate/Documents/GitHub/Green_Node/admin/vendor/laravel/framework/src/Illuminate/Http/Middleware/ValidatePostSize.php(27): Illuminate\\Pipeline\\Pipeline->{closure:{closure:Illuminate\\Pipeline\\Pipeline::carry():194}:195}(Object(Illuminate\\Http\\Request))
#67 /Users/jonathanbernate/Documents/GitHub/Green_Node/admin/vendor/laravel/framework/src/Illuminate/Pipeline/Pipeline.php(219): Illuminate\\Http\\Middleware\\ValidatePostSize->handle(Object(Illuminate\\Http\\Request), Object(Closure))
#68 /Users/jonathanbernate/Documents/GitHub/Green_Node/admin/vendor/laravel/framework/src/Illuminate/Foundation/Http/Middleware/PreventRequestsDuringMaintenance.php(109): Illuminate\\Pipeline\\Pipeline->{closure:{closure:Illuminate\\Pipeline\\Pipeline::carry():194}:195}(Object(Illuminate\\Http\\Request))
#69 /Users/jonathanbernate/Documents/GitHub/Green_Node/admin/vendor/laravel/framework/src/Illuminate/Pipeline/Pipeline.php(219): Illuminate\\Foundation\\Http\\Middleware\\PreventRequestsDuringMaintenance->handle(Object(Illuminate\\Http\\Request), Object(Closure))
#70 /Users/jonathanbernate/Documents/GitHub/Green_Node/admin/vendor/laravel/framework/src/Illuminate/Http/Middleware/HandleCors.php(61): Illuminate\\Pipeline\\Pipeline->{closure:{closure:Illuminate\\Pipeline\\Pipeline::carry():194}:195}(Object(Illuminate\\Http\\Request))
#71 /Users/jonathanbernate/Documents/GitHub/Green_Node/admin/vendor/laravel/framework/src/Illuminate/Pipeline/Pipeline.php(219): Illuminate\\Http\\Middleware\\HandleCors->handle(Object(Illuminate\\Http\\Request), Object(Closure))
#72 /Users/jonathanbernate/Documents/GitHub/Green_Node/admin/vendor/laravel/framework/src/Illuminate/Http/Middleware/TrustProxies.php(58): Illuminate\\Pipeline\\Pipeline->{closure:{closure:Illuminate\\Pipeline\\Pipeline::carry():194}:195}(Object(Illuminate\\Http\\Request))
#73 /Users/jonathanbernate/Documents/GitHub/Green_Node/admin/vendor/laravel/framework/src/Illuminate/Pipeline/Pipeline.php(219): Illuminate\\Http\\Middleware\\TrustProxies->handle(Object(Illuminate\\Http\\Request), Object(Closure))
#74 /Users/jonathanbernate/Documents/GitHub/Green_Node/admin/vendor/laravel/framework/src/Illuminate/Foundation/Http/Middleware/InvokeDeferredCallbacks.php(22): Illuminate\\Pipeline\\Pipeline->{closure:{closure:Illuminate\\Pipeline\\Pipeline::carry():194}:195}(Object(Illuminate\\Http\\Request))
#75 /Users/jonathanbernate/Documents/GitHub/Green_Node/admin/vendor/laravel/framework/src/Illuminate/Pipeline/Pipeline.php(219): Illuminate\\Foundation\\Http\\Middleware\\InvokeDeferredCallbacks->handle(Object(Illuminate\\Http\\Request), Object(Closure))
#76 /Users/jonathanbernate/Documents/GitHub/Green_Node/admin/vendor/laravel/framework/src/Illuminate/Http/Middleware/ValidatePathEncoding.php(28): Illuminate\\Pipeline\\Pipeline->{closure:{closure:Illuminate\\Pipeline\\Pipeline::carry():194}:195}(Object(Illuminate\\Http\\Request))
#77 /Users/jonathanbernate/Documents/GitHub/Green_Node/admin/vendor/laravel/framework/src/Illuminate/Pipeline/Pipeline.php(219): Illuminate\\Http\\Middleware\\ValidatePathEncoding->handle(Object(Illuminate\\Http\\Request), Object(Closure))
#78 /Users/jonathanbernate/Documents/GitHub/Green_Node/admin/vendor/laravel/framework/src/Illuminate/Pipeline/Pipeline.php(137): Illuminate\\Pipeline\\Pipeline->{closure:{closure:Illuminate\\Pipeline\\Pipeline::carry():194}:195}(Object(Illuminate\\Http\\Request))
#79 /Users/jonathanbernate/Documents/GitHub/Green_Node/admin/vendor/laravel/framework/src/Illuminate/Foundation/Http/Kernel.php(175): Illuminate\\Pipeline\\Pipeline->then(Object(Closure))
#80 /Users/jonathanbernate/Documents/GitHub/Green_Node/admin/vendor/laravel/framework/src/Illuminate/Foundation/Http/Kernel.php(144): Illuminate\\Foundation\\Http\\Kernel->sendRequestThroughRouter(Object(Illuminate\\Http\\Request))
#81 /Users/jonathanbernate/Documents/GitHub/Green_Node/admin/vendor/laravel/framework/src/Illuminate/Foundation/Application.php(1227): Illuminate\\Foundation\\Http\\Kernel->handle(Object(Illuminate\\Http\\Request))
#82 /Users/jonathanbernate/Documents/GitHub/Green_Node/admin/public/index.php(20): Illuminate\\Foundation\\Application->handleRequest(Object(Illuminate\\Http\\Request))
#83 /Users/jonathanbernate/Documents/GitHub/Green_Node/admin/vendor/laravel/framework/src/Illuminate/Foundation/resources/server.php(23): require_once('/Users/jonathan...')
#84 {main}

[previous exception] [object] (Illuminate\\View\\ViewException(code: 0): Navigation group [Gestion] has an icon but one or more of its items also have icons. Either the group or its items can have icons, but not both. This is to ensure a proper user experience. (View: /Users/jonathanbernate/Documents/GitHub/Green_Node/admin/vendor/filament/filament/resources/views/components/sidebar/group.blade.php) (View: /Users/jonathanbernate/Documents/GitHub/Green_Node/admin/vendor/filament/filament/resources/views/components/sidebar/group.blade.php) at /Users/jonathanbernate/Documents/GitHub/Green_Node/admin/storage/framework/views/a926bcd68a50bfbb6597c7f3037edfc4.php:330)
[stacktrace]
#0 /Users/jonathanbernate/Documents/GitHub/Green_Node/admin/vendor/livewire/livewire/src/Mechanisms/ExtendBlade/ExtendedCompilerEngine.php(58): Illuminate\\View\\Engines\\CompilerEngine->handleViewException(Object(Illuminate\\View\\ViewException), 4)
#1 /Users/jonathanbernate/Documents/GitHub/Green_Node/admin/vendor/laravel/framework/src/Illuminate/View/Engines/PhpEngine.php(59): Livewire\\Mechanisms\\ExtendBlade\\ExtendedCompilerEngine->handleViewException(Object(Illuminate\\View\\ViewException), 4)
#2 /Users/jonathanbernate/Documents/GitHub/Green_Node/admin/vendor/livewire/livewire/src/Mechanisms/ExtendBlade/ExtendedCompilerEngine.php(22): Illuminate\\View\\Engines\\PhpEngine->evaluatePath('/Users/jonathan...', Array)
#3 /Users/jonathanbernate/Documents/GitHub/Green_Node/admin/vendor/laravel/framework/src/Illuminate/View/Engines/CompilerEngine.php(76): Livewire\\Mechanisms\\ExtendBlade\\ExtendedCompilerEngine->evaluatePath('/Users/jonathan...', Array)
#4 /Users/jonathanbernate/Documents/GitHub/Green_Node/admin/vendor/livewire/livewire/src/Mechanisms/ExtendBlade/ExtendedCompilerEngine.php(10): Illuminate\\View\\Engines\\CompilerEngine->get('/Users/jonathan...', Array)
#5 /Users/jonathanbernate/Documents/GitHub/Green_Node/admin/vendor/laravel/framework/src/Illuminate/View/View.php(208): Livewire\\Mechanisms\\ExtendBlade\\ExtendedCompilerEngine->get('/Users/jonathan...', Array)
#6 /Users/jonathanbernate/Documents/GitHub/Green_Node/admin/vendor/laravel/framework/src/Illuminate/View/View.php(191): Illuminate\\View\\View->getContents()
#7 /Users/jonathanbernate/Documents/GitHub/Green_Node/admin/vendor/laravel/framework/src/Illuminate/View/View.php(160): Illuminate\\View\\View->renderContents()
#8 /Users/jonathanbernate/Documents/GitHub/Green_Node/admin/vendor/laravel/framework/src/Illuminate/View/Concerns/ManagesComponents.php(103): Illuminate\\View\\View->render()
#9 /Users/jonathanbernate/Documents/GitHub/Green_Node/admin/storage/framework/views/fd34d4d5b7c849899878f368cb93c694.php(144): Illuminate\\View\\Factory->renderComponent()
#10 /Users/jonathanbernate/Documents/GitHub/Green_Node/admin/vendor/laravel/framework/src/Illuminate/Filesystem/Filesystem.php(123): require('/Users/jonathan...')
#11 /Users/jonathanbernate/Documents/GitHub/Green_Node/admin/vendor/laravel/framework/src/Illuminate/Filesystem/Filesystem.php(124): Illuminate\\Filesystem\\Filesystem::{closure:Illuminate\\Filesystem\\Filesystem::getRequire():120}()
#12 /Users/jonathanbernate/Documents/GitHub/Green_Node/admin/vendor/laravel/framework/src/Illuminate/View/Engines/PhpEngine.php(57): Illuminate\\Filesystem\\Filesystem->getRequire('/Users/jonathan...', Array)
#13 /Users/jonathanbernate/Documents/GitHub/Green_Node/admin/vendor/livewire/livewire/src/Mechanisms/ExtendBlade/ExtendedCompilerEngine.php(22): Illuminate\\View\\Engines\\PhpEngine->evaluatePath('/Users/jonathan...', Array)
#14 /Users/jonathanbernate/Documents/GitHub/Green_Node/admin/vendor/laravel/framework/src/Illuminate/View/Engines/CompilerEngine.php(76): Livewire\\Mechanisms\\ExtendBlade\\ExtendedCompilerEngine->evaluatePath('/Users/jonathan...', Array)
#15 /Users/jonathanbernate/Documents/GitHub/Green_Node/admin/vendor/livewire/livewire/src/Mechanisms/ExtendBlade/ExtendedCompilerEngine.php(10): Illuminate\\View\\Engines\\CompilerEngine->get('/Users/jonathan...', Array)
#16 /Users/jonathanbernate/Documents/GitHub/Green_Node/admin/vendor/laravel/framework/src/Illuminate/View/View.php(208): Livewire\\Mechanisms\\ExtendBlade\\ExtendedCompilerEngine->get('/Users/jonathan...', Array)
#17 /Users/jonathanbernate/Documents/GitHub/Green_Node/admin/vendor/laravel/framework/src/Illuminate/View/View.php(191): Illuminate\\View\\View->getContents()
#18 /Users/jonathanbernate/Documents/GitHub/Green_Node/admin/vendor/laravel/framework/src/Illuminate/View/View.php(160): Illuminate\\View\\View->renderContents()
#19 /Users/jonathanbernate/Documents/GitHub/Green_Node/admin/vendor/laravel/framework/src/Illuminate/View/Concerns/ManagesComponents.php(103): Illuminate\\View\\View->render()
#20 /Users/jonathanbernate/Documents/GitHub/Green_Node/admin/storage/framework/views/528abea6fabcbcaacd06e6f964c4e6ef.php(17): Illuminate\\View\\Factory->renderComponent()
#21 /Users/jonathanbernate/Documents/GitHub/Green_Node/admin/vendor/laravel/framework/src/Illuminate/Filesystem/Filesystem.php(123): require('/Users/jonathan...')
#22 /Users/jonathanbernate/Documents/GitHub/Green_Node/admin/vendor/laravel/framework/src/Illuminate/Filesystem/Filesystem.php(124): Illuminate\\Filesystem\\Filesystem::{closure:Illuminate\\Filesystem\\Filesystem::getRequire():120}()
#23 /Users/jonathanbernate/Documents/GitHub/Green_Node/admin/vendor/laravel/framework/src/Illuminate/View/Engines/PhpEngine.php(57): Illuminate\\Filesystem\\Filesystem->getRequire('/Users/jonathan...', Array)
#24 /Users/jonathanbernate/Documents/GitHub/Green_Node/admin/vendor/livewire/livewire/src/Mechanisms/ExtendBlade/ExtendedCompilerEngine.php(22): Illuminate\\View\\Engines\\PhpEngine->evaluatePath('/Users/jonathan...', Array)
#25 /Users/jonathanbernate/Documents/GitHub/Green_Node/admin/vendor/laravel/framework/src/Illuminate/View/Engines/CompilerEngine.php(76): Livewire\\Mechanisms\\ExtendBlade\\ExtendedCompilerEngine->evaluatePath('/Users/jonathan...', Array)
#26 /Users/jonathanbernate/Documents/GitHub/Green_Node/admin/vendor/livewire/livewire/src/Mechanisms/ExtendBlade/ExtendedCompilerEngine.php(10): Illuminate\\View\\Engines\\CompilerEngine->get('/Users/jonathan...', Array)
#27 /Users/jonathanbernate/Documents/GitHub/Green_Node/admin/vendor/laravel/framework/src/Illuminate/View/View.php(208): Livewire\\Mechanisms\\ExtendBlade\\ExtendedCompilerEngine->get('/Users/jonathan...', Array)
#28 /Users/jonathanbernate/Documents/GitHub/Green_Node/admin/vendor/laravel/framework/src/Illuminate/View/View.php(191): Illuminate\\View\\View->getContents()
#29 /Users/jonathanbernate/Documents/GitHub/Green_Node/admin/vendor/laravel/framework/src/Illuminate/View/View.php(160): Illuminate\\View\\View->renderContents()
#30 /Users/jonathanbernate/Documents/GitHub/Green_Node/admin/vendor/laravel/framework/src/Illuminate/View/Compilers/BladeCompiler.php(361): Illuminate\\View\\View->render()
#31 /Users/jonathanbernate/Documents/GitHub/Green_Node/admin/vendor/laravel/framework/src/Illuminate/Support/Facades/Facade.php(364): Illuminate\\View\\Compilers\\BladeCompiler::render('    <?php $layo...', Array)
#32 /Users/jonathanbernate/Documents/GitHub/Green_Node/admin/vendor/livewire/livewire/src/Features/SupportPageComponents/SupportPageComponents.php(153): Illuminate\\Support\\Facades\\Facade::__callStatic('render', Array)
#33 /Users/jonathanbernate/Documents/GitHub/Green_Node/admin/vendor/livewire/livewire/src/Features/SupportPageComponents/HandlesPageComponents.php(24): Livewire\\Features\\SupportPageComponents\\SupportPageComponents::renderContentsIntoLayout('<div wire:snaps...', Object(Livewire\\Features\\SupportPageComponents\\PageComponentConfig))
#34 /Users/jonathanbernate/Documents/GitHub/Green_Node/admin/vendor/laravel/framework/src/Illuminate/Routing/ControllerDispatcher.php(46): Livewire\\Component->__invoke()
#35 /Users/jonathanbernate/Documents/GitHub/Green_Node/admin/vendor/laravel/framework/src/Illuminate/Routing/Route.php(276): Illuminate\\Routing\\ControllerDispatcher->dispatch(Object(Illuminate\\Routing\\Route), Object(Filament\\Pages\\Dashboard), '__invoke')
#36 /Users/jonathanbernate/Documents/GitHub/Green_Node/admin/vendor/laravel/framework/src/Illuminate/Routing/Route.php(216): Illuminate\\Routing\\Route->runController()
#37 /Users/jonathanbernate/Documents/GitHub/Green_Node/admin/vendor/laravel/framework/src/Illuminate/Routing/Router.php(822): Illuminate\\Routing\\Route->run()
#38 /Users/jonathanbernate/Documents/GitHub/Green_Node/admin/vendor/laravel/framework/src/Illuminate/Pipeline/Pipeline.php(180): Illuminate\\Routing\\Router->{closure:Illuminate\\Routing\\Router::runRouteWithinStack():821}(Object(Illuminate\\Http\\Request))
#39 /Users/jonathanbernate/Documents/GitHub/Green_Node/admin/vendor/filament/filament/src/Http/Middleware/DispatchServingFilamentEvent.php(15): Illuminate\\Pipeline\\Pipeline->{closure:Illuminate\\Pipeline\\Pipeline::prepareDestination():178}(Object(Illuminate\\Http\\Request))
#40 /Users/jonathanbernate/Documents/GitHub/Green_Node/admin/vendor/laravel/framework/src/Illuminate/Pipeline/Pipeline.php(219): Filament\\Http\\Middleware\\DispatchServingFilamentEvent->handle(Object(Illuminate\\Http\\Request), Object(Closure))
#41 /Users/jonathanbernate/Documents/GitHub/Green_Node/admin/vendor/filament/filament/src/Http/Middleware/DisableBladeIconComponents.php(14): Illuminate\\Pipeline\\Pipeline->{closure:{closure:Illuminate\\Pipeline\\Pipeline::carry():194}:195}(Object(Illuminate\\Http\\Request))
#42 /Users/jonathanbernate/Documents/GitHub/Green_Node/admin/vendor/laravel/framework/src/Illuminate/Pipeline/Pipeline.php(219): Filament\\Http\\Middleware\\DisableBladeIconComponents->handle(Object(Illuminate\\Http\\Request), Object(Closure))
#43 /Users/jonathanbernate/Documents/GitHub/Green_Node/admin/vendor/laravel/framework/src/Illuminate/Routing/Middleware/SubstituteBindings.php(52): Illuminate\\Pipeline\\Pipeline->{closure:{closure:Illuminate\\Pipeline\\Pipeline::carry():194}:195}(Object(Illuminate\\Http\\Request))
#44 /Users/jonathanbernate/Documents/GitHub/Green_Node/admin/vendor/laravel/framework/src/Illuminate/Pipeline/Pipeline.php(219): Illuminate\\Routing\\Middleware\\SubstituteBindings->handle(Object(Illuminate\\Http\\Request), Object(Closure))
#45 /Users/jonathanbernate/Documents/GitHub/Green_Node/admin/vendor/laravel/framework/src/Illuminate/Foundation/Http/Middleware/PreventRequestForgery.php(104): Illuminate\\Pipeline\\Pipeline->{closure:{closure:Illuminate\\Pipeline\\Pipeline::carry():194}:195}(Object(Illuminate\\Http\\Request))
#46 /Users/jonathanbernate/Documents/GitHub/Green_Node/admin/vendor/laravel/framework/src/Illuminate/Pipeline/Pipeline.php(219): Illuminate\\Foundation\\Http\\Middleware\\PreventRequestForgery->handle(Object(Illuminate\\Http\\Request), Object(Closure))
#47 /Users/jonathanbernate/Documents/GitHub/Green_Node/admin/vendor/laravel/framework/src/Illuminate/Session/Middleware/AuthenticateSession.php(70): Illuminate\\Pipeline\\Pipeline->{closure:{closure:Illuminate\\Pipeline\\Pipeline::carry():194}:195}(Object(Illuminate\\Http\\Request))
#48 /Users/jonathanbernate/Documents/GitHub/Green_Node/admin/vendor/laravel/framework/src/Illuminate/Pipeline/Pipeline.php(219): Illuminate\\Session\\Middleware\\AuthenticateSession->handle(Object(Illuminate\\Http\\Request), Object(Closure))
#49 /Users/jonathanbernate/Documents/GitHub/Green_Node/admin/vendor/laravel/framework/src/Illuminate/Auth/Middleware/Authenticate.php(63): Illuminate\\Pipeline\\Pipeline->{closure:{closure:Illuminate\\Pipeline\\Pipeline::carry():194}:195}(Object(Illuminate\\Http\\Request))
#50 /Users/jonathanbernate/Documents/GitHub/Green_Node/admin/vendor/laravel/framework/src/Illuminate/Pipeline/Pipeline.php(219): Illuminate\\Auth\\Middleware\\Authenticate->handle(Object(Illuminate\\Http\\Request), Object(Closure))
#51 /Users/jonathanbernate/Documents/GitHub/Green_Node/admin/vendor/laravel/framework/src/Illuminate/View/Middleware/ShareErrorsFromSession.php(48): Illuminate\\Pipeline\\Pipeline->{closure:{closure:Illuminate\\Pipeline\\Pipeline::carry():194}:195}(Object(Illuminate\\Http\\Request))
#52 /Users/jonathanbernate/Documents/GitHub/Green_Node/admin/vendor/laravel/framework/src/Illuminate/Pipeline/Pipeline.php(219): Illuminate\\View\\Middleware\\ShareErrorsFromSession->handle(Object(Illuminate\\Http\\Request), Object(Closure))
#53 /Users/jonathanbernate/Documents/GitHub/Green_Node/admin/vendor/laravel/framework/src/Illuminate/Session/Middleware/StartSession.php(120): Illuminate\\Pipeline\\Pipeline->{closure:{closure:Illuminate\\Pipeline\\Pipeline::carry():194}:195}(Object(Illuminate\\Http\\Request))
#54 /Users/jonathanbernate/Documents/GitHub/Green_Node/admin/vendor/laravel/framework/src/Illuminate/Session/Middleware/StartSession.php(63): Illuminate\\Session\\Middleware\\StartSession->handleStatefulRequest(Object(Illuminate\\Http\\Request), Object(Illuminate\\Session\\Store), Object(Closure))
#55 /Users/jonathanbernate/Documents/GitHub/Green_Node/admin/vendor/laravel/framework/src/Illuminate/Pipeline/Pipeline.php(219): Illuminate\\Session\\Middleware\\StartSession->handle(Object(Illuminate\\Http\\Request), Object(Closure))
#56 /Users/jonathanbernate/Documents/GitHub/Green_Node/admin/vendor/laravel/framework/src/Illuminate/Cookie/Middleware/AddQueuedCookiesToResponse.php(36): Illuminate\\Pipeline\\Pipeline->{closure:{closure:Illuminate\\Pipeline\\Pipeline::carry():194}:195}(Object(Illuminate\\Http\\Request))
#57 /Users/jonathanbernate/Documents/GitHub/Green_Node/admin/vendor/laravel/framework/src/Illuminate/Pipeline/Pipeline.php(219): Illuminate\\Cookie\\Middleware\\AddQueuedCookiesToResponse->handle(Object(Illuminate\\Http\\Request), Object(Closure))
#58 /Users/jonathanbernate/Documents/GitHub/Green_Node/admin/vendor/laravel/framework/src/Illuminate/Cookie/Middleware/EncryptCookies.php(74): Illuminate\\Pipeline\\Pipeline->{closure:{closure:Illuminate\\Pipeline\\Pipeline::carry():194}:195}(Object(Illuminate\\Http\\Request))
#59 /Users/jonathanbernate/Documents/GitHub/Green_Node/admin/vendor/laravel/framework/src/Illuminate/Pipeline/Pipeline.php(219): Illuminate\\Cookie\\Middleware\\EncryptCookies->handle(Object(Illuminate\\Http\\Request), Object(Closure))
#60 /Users/jonathanbernate/Documents/GitHub/Green_Node/admin/vendor/filament/filament/src/Http/Middleware/SetUpPanel.php(19): Illuminate\\Pipeline\\Pipeline->{closure:{closure:Illuminate\\Pipeline\\Pipeline::carry():194}:195}(Object(Illuminate\\Http\\Request))
#61 /Users/jonathanbernate/Documents/GitHub/Green_Node/admin/vendor/laravel/framework/src/Illuminate/Pipeline/Pipeline.php(219): Filament\\Http\\Middleware\\SetUpPanel->handle(Object(Illuminate\\Http\\Request), Object(Closure), Object(Filament\\Panel))
#62 /Users/jonathanbernate/Documents/GitHub/Green_Node/admin/vendor/laravel/framework/src/Illuminate/Pipeline/Pipeline.php(137): Illuminate\\Pipeline\\Pipeline->{closure:{closure:Illuminate\\Pipeline\\Pipeline::carry():194}:195}(Object(Illuminate\\Http\\Request))
#63 /Users/jonathanbernate/Documents/GitHub/Green_Node/admin/vendor/laravel/framework/src/Illuminate/Routing/Router.php(821): Illuminate\\Pipeline\\Pipeline->then(Object(Closure))
#64 /Users/jonathanbernate/Documents/GitHub/Green_Node/admin/vendor/laravel/framework/src/Illuminate/Routing/Router.php(800): Illuminate\\Routing\\Router->runRouteWithinStack(Object(Illuminate\\Routing\\Route), Object(Illuminate\\Http\\Request))
#65 /Users/jonathanbernate/Documents/GitHub/Green_Node/admin/vendor/laravel/framework/src/Illuminate/Routing/Router.php(764): Illuminate\\Routing\\Router->runRoute(Object(Illuminate\\Http\\Request), Object(Illuminate\\Routing\\Route))
#66 /Users/jonathanbernate/Documents/GitHub/Green_Node/admin/vendor/laravel/framework/src/Illuminate/Routing/Router.php(753): Illuminate\\Routing\\Router->dispatchToRoute(Object(Illuminate\\Http\\Request))
#67 /Users/jonathanbernate/Documents/GitHub/Green_Node/admin/vendor/laravel/framework/src/Illuminate/Foundation/Http/Kernel.php(200): Illuminate\\Routing\\Router->dispatch(Object(Illuminate\\Http\\Request))
#68 /Users/jonathanbernate/Documents/GitHub/Green_Node/admin/vendor/laravel/framework/src/Illuminate/Pipeline/Pipeline.php(180): Illuminate\\Foundation\\Http\\Kernel->{closure:Illuminate\\Foundation\\Http\\Kernel::dispatchToRouter():197}(Object(Illuminate\\Http\\Request))
#69 /Users/jonathanbernate/Documents/GitHub/Green_Node/admin/vendor/livewire/livewire/src/Features/SupportDisablingBackButtonCache/DisableBackButtonCacheMiddleware.php(19): Illuminate\\Pipeline\\Pipeline->{closure:Illuminate\\Pipeline\\Pipeline::prepareDestination():178}(Object(Illuminate\\Http\\Request))
#70 /Users/jonathanbernate/Documents/GitHub/Green_Node/admin/vendor/laravel/framework/src/Illuminate/Pipeline/Pipeline.php(219): Livewire\\Features\\SupportDisablingBackButtonCache\\DisableBackButtonCacheMiddleware->handle(Object(Illuminate\\Http\\Request), Object(Closure))
#71 /Users/jonathanbernate/Documents/GitHub/Green_Node/admin/vendor/laravel/framework/src/Illuminate/Foundation/Http/Middleware/TransformsRequest.php(21): Illuminate\\Pipeline\\Pipeline->{closure:{closure:Illuminate\\Pipeline\\Pipeline::carry():194}:195}(Object(Illuminate\\Http\\Request))
#72 /Users/jonathanbernate/Documents/GitHub/Green_Node/admin/vendor/laravel/framework/src/Illuminate/Foundation/Http/Middleware/ConvertEmptyStringsToNull.php(31): Illuminate\\Foundation\\Http\\Middleware\\TransformsRequest->handle(Object(Illuminate\\Http\\Request), Object(Closure))
#73 /Users/jonathanbernate/Documents/GitHub/Green_Node/admin/vendor/laravel/framework/src/Illuminate/Pipeline/Pipeline.php(219): Illuminate\\Foundation\\Http\\Middleware\\ConvertEmptyStringsToNull->handle(Object(Illuminate\\Http\\Request), Object(Closure))
#74 /Users/jonathanbernate/Documents/GitHub/Green_Node/admin/vendor/laravel/framework/src/Illuminate/Foundation/Http/Middleware/TransformsRequest.php(21): Illuminate\\Pipeline\\Pipeline->{closure:{closure:Illuminate\\Pipeline\\Pipeline::carry():194}:195}(Object(Illuminate\\Http\\Request))
#75 /Users/jonathanbernate/Documents/GitHub/Green_Node/admin/vendor/laravel/framework/src/Illuminate/Foundation/Http/Middleware/TrimStrings.php(51): Illuminate\\Foundation\\Http\\Middleware\\TransformsRequest->handle(Object(Illuminate\\Http\\Request), Object(Closure))
#76 /Users/jonathanbernate/Documents/GitHub/Green_Node/admin/vendor/laravel/framework/src/Illuminate/Pipeline/Pipeline.php(219): Illuminate\\Foundation\\Http\\Middleware\\TrimStrings->handle(Object(Illuminate\\Http\\Request), Object(Closure))
#77 /Users/jonathanbernate/Documents/GitHub/Green_Node/admin/vendor/laravel/framework/src/Illuminate/Http/Middleware/ValidatePostSize.php(27): Illuminate\\Pipeline\\Pipeline->{closure:{closure:Illuminate\\Pipeline\\Pipeline::carry():194}:195}(Object(Illuminate\\Http\\Request))
#78 /Users/jonathanbernate/Documents/GitHub/Green_Node/admin/vendor/laravel/framework/src/Illuminate/Pipeline/Pipeline.php(219): Illuminate\\Http\\Middleware\\ValidatePostSize->handle(Object(Illuminate\\Http\\Request), Object(Closure))
#79 /Users/jonathanbernate/Documents/GitHub/Green_Node/admin/vendor/laravel/framework/src/Illuminate/Foundation/Http/Middleware/PreventRequestsDuringMaintenance.php(109): Illuminate\\Pipeline\\Pipeline->{closure:{closure:Illuminate\\Pipeline\\Pipeline::carry():194}:195}(Object(Illuminate\\Http\\Request))
#80 /Users/jonathanbernate/Documents/GitHub/Green_Node/admin/vendor/laravel/framework/src/Illuminate/Pipeline/Pipeline.php(219): Illuminate\\Foundation\\Http\\Middleware\\PreventRequestsDuringMaintenance->handle(Object(Illuminate\\Http\\Request), Object(Closure))
#81 /Users/jonathanbernate/Documents/GitHub/Green_Node/admin/vendor/laravel/framework/src/Illuminate/Http/Middleware/HandleCors.php(61): Illuminate\\Pipeline\\Pipeline->{closure:{closure:Illuminate\\Pipeline\\Pipeline::carry():194}:195}(Object(Illuminate\\Http\\Request))
#82 /Users/jonathanbernate/Documents/GitHub/Green_Node/admin/vendor/laravel/framework/src/Illuminate/Pipeline/Pipeline.php(219): Illuminate\\Http\\Middleware\\HandleCors->handle(Object(Illuminate\\Http\\Request), Object(Closure))
#83 /Users/jonathanbernate/Documents/GitHub/Green_Node/admin/vendor/laravel/framework/src/Illuminate/Http/Middleware/TrustProxies.php(58): Illuminate\\Pipeline\\Pipeline->{closure:{closure:Illuminate\\Pipeline\\Pipeline::carry():194}:195}(Object(Illuminate\\Http\\Request))
#84 /Users/jonathanbernate/Documents/GitHub/Green_Node/admin/vendor/laravel/framework/src/Illuminate/Pipeline/Pipeline.php(219): Illuminate\\Http\\Middleware\\TrustProxies->handle(Object(Illuminate\\Http\\Request), Object(Closure))
#85 /Users/jonathanbernate/Documents/GitHub/Green_Node/admin/vendor/laravel/framework/src/Illuminate/Foundation/Http/Middleware/InvokeDeferredCallbacks.php(22): Illuminate\\Pipeline\\Pipeline->{closure:{closure:Illuminate\\Pipeline\\Pipeline::carry():194}:195}(Object(Illuminate\\Http\\Request))
#86 /Users/jonathanbernate/Documents/GitHub/Green_Node/admin/vendor/laravel/framework/src/Illuminate/Pipeline/Pipeline.php(219): Illuminate\\Foundation\\Http\\Middleware\\InvokeDeferredCallbacks->handle(Object(Illuminate\\Http\\Request), Object(Closure))
#87 /Users/jonathanbernate/Documents/GitHub/Green_Node/admin/vendor/laravel/framework/src/Illuminate/Http/Middleware/ValidatePathEncoding.php(28): Illuminate\\Pipeline\\Pipeline->{closure:{closure:Illuminate\\Pipeline\\Pipeline::carry():194}:195}(Object(Illuminate\\Http\\Request))
#88 /Users/jonathanbernate/Documents/GitHub/Green_Node/admin/vendor/laravel/framework/src/Illuminate/Pipeline/Pipeline.php(219): Illuminate\\Http\\Middleware\\ValidatePathEncoding->handle(Object(Illuminate\\Http\\Request), Object(Closure))
#89 /Users/jonathanbernate/Documents/GitHub/Green_Node/admin/vendor/laravel/framework/src/Illuminate/Pipeline/Pipeline.php(137): Illuminate\\Pipeline\\Pipeline->{closure:{closure:Illuminate\\Pipeline\\Pipeline::carry():194}:195}(Object(Illuminate\\Http\\Request))
#90 /Users/jonathanbernate/Documents/GitHub/Green_Node/admin/vendor/laravel/framework/src/Illuminate/Foundation/Http/Kernel.php(175): Illuminate\\Pipeline\\Pipeline->then(Object(Closure))
#91 /Users/jonathanbernate/Documents/GitHub/Green_Node/admin/vendor/laravel/framework/src/Illuminate/Foundation/Http/Kernel.php(144): Illuminate\\Foundation\\Http\\Kernel->sendRequestThroughRouter(Object(Illuminate\\Http\\Request))
#92 /Users/jonathanbernate/Documents/GitHub/Green_Node/admin/vendor/laravel/framework/src/Illuminate/Foundation/Application.php(1227): Illuminate\\Foundation\\Http\\Kernel->handle(Object(Illuminate\\Http\\Request))
#93 /Users/jonathanbernate/Documents/GitHub/Green_Node/admin/public/index.php(20): Illuminate\\Foundation\\Application->handleRequest(Object(Illuminate\\Http\\Request))
#94 /Users/jonathanbernate/Documents/GitHub/Green_Node/admin/vendor/laravel/framework/src/Illuminate/Foundation/resources/server.php(23): require_once('/Users/jonathan...')
#95 {main}

[previous exception] [object] (Illuminate\\View\\ViewException(code: 0): Navigation group [Gestion] has an icon but one or more of its items also have icons. Either the group or its items can have icons, but not both. This is to ensure a proper user experience. (View: /Users/jonathanbernate/Documents/GitHub/Green_Node/admin/vendor/filament/filament/resources/views/components/sidebar/group.blade.php) at /Users/jonathanbernate/Documents/GitHub/Green_Node/admin/storage/framework/views/a926bcd68a50bfbb6597c7f3037edfc4.php:330)
[stacktrace]
#0 /Users/jonathanbernate/Documents/GitHub/Green_Node/admin/vendor/livewire/livewire/src/Mechanisms/ExtendBlade/ExtendedCompilerEngine.php(58): Illuminate\\View\\Engines\\CompilerEngine->handleViewException(Object(Exception), 5)
#1 /Users/jonathanbernate/Documents/GitHub/Green_Node/admin/vendor/laravel/framework/src/Illuminate/View/Engines/PhpEngine.php(59): Livewire\\Mechanisms\\ExtendBlade\\ExtendedCompilerEngine->handleViewException(Object(Exception), 5)
#2 /Users/jonathanbernate/Documents/GitHub/Green_Node/admin/vendor/livewire/livewire/src/Mechanisms/ExtendBlade/ExtendedCompilerEngine.php(22): Illuminate\\View\\Engines\\PhpEngine->evaluatePath('/Users/jonathan...', Array)
#3 /Users/jonathanbernate/Documents/GitHub/Green_Node/admin/vendor/laravel/framework/src/Illuminate/View/Engines/CompilerEngine.php(76): Livewire\\Mechanisms\\ExtendBlade\\ExtendedCompilerEngine->evaluatePath('/Users/jonathan...', Array)
#4 /Users/jonathanbernate/Documents/GitHub/Green_Node/admin/vendor/livewire/livewire/src/Mechanisms/ExtendBlade/ExtendedCompilerEngine.php(10): Illuminate\\View\\Engines\\CompilerEngine->get('/Users/jonathan...', Array)
#5 /Users/jonathanbernate/Documents/GitHub/Green_Node/admin/vendor/laravel/framework/src/Illuminate/View/View.php(208): Livewire\\Mechanisms\\ExtendBlade\\ExtendedCompilerEngine->get('/Users/jonathan...', Array)
#6 /Users/jonathanbernate/Documents/GitHub/Green_Node/admin/vendor/laravel/framework/src/Illuminate/View/View.php(191): Illuminate\\View\\View->getContents()
#7 /Users/jonathanbernate/Documents/GitHub/Green_Node/admin/vendor/laravel/framework/src/Illuminate/View/View.php(160): Illuminate\\View\\View->renderContents()
#8 /Users/jonathanbernate/Documents/GitHub/Green_Node/admin/vendor/laravel/framework/src/Illuminate/View/Concerns/ManagesComponents.php(103): Illuminate\\View\\View->render()
#9 /Users/jonathanbernate/Documents/GitHub/Green_Node/admin/storage/framework/views/ddccb0fb6da8f0447e711befaaef511e.php(232): Illuminate\\View\\Factory->renderComponent()
#10 /Users/jonathanbernate/Documents/GitHub/Green_Node/admin/vendor/laravel/framework/src/Illuminate/Filesystem/Filesystem.php(123): require('/Users/jonathan...')
#11 /Users/jonathanbernate/Documents/GitHub/Green_Node/admin/vendor/laravel/framework/src/Illuminate/Filesystem/Filesystem.php(124): Illuminate\\Filesystem\\Filesystem::{closure:Illuminate\\Filesystem\\Filesystem::getRequire():120}()
#12 /Users/jonathanbernate/Documents/GitHub/Green_Node/admin/vendor/laravel/framework/src/Illuminate/View/Engines/PhpEngine.php(57): Illuminate\\Filesystem\\Filesystem->getRequire('/Users/jonathan...', Array)
#13 /Users/jonathanbernate/Documents/GitHub/Green_Node/admin/vendor/livewire/livewire/src/Mechanisms/ExtendBlade/ExtendedCompilerEngine.php(22): Illuminate\\View\\Engines\\PhpEngine->evaluatePath('/Users/jonathan...', Array)
#14 /Users/jonathanbernate/Documents/GitHub/Green_Node/admin/vendor/laravel/framework/src/Illuminate/View/Engines/CompilerEngine.php(76): Livewire\\Mechanisms\\ExtendBlade\\ExtendedCompilerEngine->evaluatePath('/Users/jonathan...', Array)
#15 /Users/jonathanbernate/Documents/GitHub/Green_Node/admin/vendor/livewire/livewire/src/Mechanisms/ExtendBlade/ExtendedCompilerEngine.php(10): Illuminate\\View\\Engines\\CompilerEngine->get('/Users/jonathan...', Array)
#16 /Users/jonathanbernate/Documents/GitHub/Green_Node/admin/vendor/laravel/framework/src/Illuminate/View/View.php(208): Livewire\\Mechanisms\\ExtendBlade\\ExtendedCompilerEngine->get('/Users/jonathan...', Array)
#17 /Users/jonathanbernate/Documents/GitHub/Green_Node/admin/vendor/laravel/framework/src/Illuminate/View/View.php(191): Illuminate\\View\\View->getContents()
#18 /Users/jonathanbernate/Documents/GitHub/Green_Node/admin/vendor/laravel/framework/src/Illuminate/View/View.php(160): Illuminate\\View\\View->renderContents()
#19 /Users/jonathanbernate/Documents/GitHub/Green_Node/admin/vendor/laravel/framework/src/Illuminate/View/Concerns/ManagesComponents.php(103): Illuminate\\View\\View->render()
#20 /Users/jonathanbernate/Documents/GitHub/Green_Node/admin/storage/framework/views/fd34d4d5b7c849899878f368cb93c694.php(144): Illuminate\\View\\Factory->renderComponent()
#21 /Users/jonathanbernate/Documents/GitHub/Green_Node/admin/vendor/laravel/framework/src/Illuminate/Filesystem/Filesystem.php(123): require('/Users/jonathan...')
#22 /Users/jonathanbernate/Documents/GitHub/Green_Node/admin/vendor/laravel/framework/src/Illuminate/Filesystem/Filesystem.php(124): Illuminate\\Filesystem\\Filesystem::{closure:Illuminate\\Filesystem\\Filesystem::getRequire():120}()
#23 /Users/jonathanbernate/Documents/GitHub/Green_Node/admin/vendor/laravel/framework/src/Illuminate/View/Engines/PhpEngine.php(57): Illuminate\\Filesystem\\Filesystem->getRequire('/Users/jonathan...', Array)
#24 /Users/jonathanbernate/Documents/GitHub/Green_Node/admin/vendor/livewire/livewire/src/Mechanisms/ExtendBlade/ExtendedCompilerEngine.php(22): Illuminate\\View\\Engines\\PhpEngine->evaluatePath('/Users/jonathan...', Array)
#25 /Users/jonathanbernate/Documents/GitHub/Green_Node/admin/vendor/laravel/framework/src/Illuminate/View/Engines/CompilerEngine.php(76): Livewire\\Mechanisms\\ExtendBlade\\ExtendedCompilerEngine->evaluatePath('/Users/jonathan...', Array)
#26 /Users/jonathanbernate/Documents/GitHub/Green_Node/admin/vendor/livewire/livewire/src/Mechanisms/ExtendBlade/ExtendedCompilerEngine.php(10): Illuminate\\View\\Engines\\CompilerEngine->get('/Users/jonathan...', Array)
#27 /Users/jonathanbernate/Documents/GitHub/Green_Node/admin/vendor/laravel/framework/src/Illuminate/View/View.php(208): Livewire\\Mechanisms\\ExtendBlade\\ExtendedCompilerEngine->get('/Users/jonathan...', Array)
#28 /Users/jonathanbernate/Documents/GitHub/Green_Node/admin/vendor/laravel/framework/src/Illuminate/View/View.php(191): Illuminate\\View\\View->getContents()
#29 /Users/jonathanbernate/Documents/GitHub/Green_Node/admin/vendor/laravel/framework/src/Illuminate/View/View.php(160): Illuminate\\View\\View->renderContents()
#30 /Users/jonathanbernate/Documents/GitHub/Green_Node/admin/vendor/laravel/framework/src/Illuminate/View/Concerns/ManagesComponents.php(103): Illuminate\\View\\View->render()
#31 /Users/jonathanbernate/Documents/GitHub/Green_Node/admin/storage/framework/views/528abea6fabcbcaacd06e6f964c4e6ef.php(17): Illuminate\\View\\Factory->renderComponent()
#32 /Users/jonathanbernate/Documents/GitHub/Green_Node/admin/vendor/laravel/framework/src/Illuminate/Filesystem/Filesystem.php(123): require('/Users/jonathan...')
#33 /Users/jonathanbernate/Documents/GitHub/Green_Node/admin/vendor/laravel/framework/src/Illuminate/Filesystem/Filesystem.php(124): Illuminate\\Filesystem\\Filesystem::{closure:Illuminate\\Filesystem\\Filesystem::getRequire():120}()
#34 /Users/jonathanbernate/Documents/GitHub/Green_Node/admin/vendor/laravel/framework/src/Illuminate/View/Engines/PhpEngine.php(57): Illuminate\\Filesystem\\Filesystem->getRequire('/Users/jonathan...', Array)
#35 /Users/jonathanbernate/Documents/GitHub/Green_Node/admin/vendor/livewire/livewire/src/Mechanisms/ExtendBlade/ExtendedCompilerEngine.php(22): Illuminate\\View\\Engines\\PhpEngine->evaluatePath('/Users/jonathan...', Array)
#36 /Users/jonathanbernate/Documents/GitHub/Green_Node/admin/vendor/laravel/framework/src/Illuminate/View/Engines/CompilerEngine.php(76): Livewire\\Mechanisms\\ExtendBlade\\ExtendedCompilerEngine->evaluatePath('/Users/jonathan...', Array)
#37 /Users/jonathanbernate/Documents/GitHub/Green_Node/admin/vendor/livewire/livewire/src/Mechanisms/ExtendBlade/ExtendedCompilerEngine.php(10): Illuminate\\View\\Engines\\CompilerEngine->get('/Users/jonathan...', Array)
#38 /Users/jonathanbernate/Documents/GitHub/Green_Node/admin/vendor/laravel/framework/src/Illuminate/View/View.php(208): Livewire\\Mechanisms\\ExtendBlade\\ExtendedCompilerEngine->get('/Users/jonathan...', Array)
#39 /Users/jonathanbernate/Documents/GitHub/Green_Node/admin/vendor/laravel/framework/src/Illuminate/View/View.php(191): Illuminate\\View\\View->getContents()
#40 /Users/jonathanbernate/Documents/GitHub/Green_Node/admin/vendor/laravel/framework/src/Illuminate/View/View.php(160): Illuminate\\View\\View->renderContents()
#41 /Users/jonathanbernate/Documents/GitHub/Green_Node/admin/vendor/laravel/framework/src/Illuminate/View/Compilers/BladeCompiler.php(361): Illuminate\\View\\View->render()
#42 /Users/jonathanbernate/Documents/GitHub/Green_Node/admin/vendor/laravel/framework/src/Illuminate/Support/Facades/Facade.php(364): Illuminate\\View\\Compilers\\BladeCompiler::render('    <?php $layo...', Array)
#43 /Users/jonathanbernate/Documents/GitHub/Green_Node/admin/vendor/livewire/livewire/src/Features/SupportPageComponents/SupportPageComponents.php(153): Illuminate\\Support\\Facades\\Facade::__callStatic('render', Array)
#44 /Users/jonathanbernate/Documents/GitHub/Green_Node/admin/vendor/livewire/livewire/src/Features/SupportPageComponents/HandlesPageComponents.php(24): Livewire\\Features\\SupportPageComponents\\SupportPageComponents::renderContentsIntoLayout('<div wire:snaps...', Object(Livewire\\Features\\SupportPageComponents\\PageComponentConfig))
#45 /Users/jonathanbernate/Documents/GitHub/Green_Node/admin/vendor/laravel/framework/src/Illuminate/Routing/ControllerDispatcher.php(46): Livewire\\Component->__invoke()
#46 /Users/jonathanbernate/Documents/GitHub/Green_Node/admin/vendor/laravel/framework/src/Illuminate/Routing/Route.php(276): Illuminate\\Routing\\ControllerDispatcher->dispatch(Object(Illuminate\\Routing\\Route), Object(Filament\\Pages\\Dashboard), '__invoke')
#47 /Users/jonathanbernate/Documents/GitHub/Green_Node/admin/vendor/laravel/framework/src/Illuminate/Routing/Route.php(216): Illuminate\\Routing\\Route->runController()
#48 /Users/jonathanbernate/Documents/GitHub/Green_Node/admin/vendor/laravel/framework/src/Illuminate/Routing/Router.php(822): Illuminate\\Routing\\Route->run()
#49 /Users/jonathanbernate/Documents/GitHub/Green_Node/admin/vendor/laravel/framework/src/Illuminate/Pipeline/Pipeline.php(180): Illuminate\\Routing\\Router->{closure:Illuminate\\Routing\\Router::runRouteWithinStack():821}(Object(Illuminate\\Http\\Request))
#50 /Users/jonathanbernate/Documents/GitHub/Green_Node/admin/vendor/filament/filament/src/Http/Middleware/DispatchServingFilamentEvent.php(15): Illuminate\\Pipeline\\Pipeline->{closure:Illuminate\\Pipeline\\Pipeline::prepareDestination():178}(Object(Illuminate\\Http\\Request))
#51 /Users/jonathanbernate/Documents/GitHub/Green_Node/admin/vendor/laravel/framework/src/Illuminate/Pipeline/Pipeline.php(219): Filament\\Http\\Middleware\\DispatchServingFilamentEvent->handle(Object(Illuminate\\Http\\Request), Object(Closure))
#52 /Users/jonathanbernate/Documents/GitHub/Green_Node/admin/vendor/filament/filament/src/Http/Middleware/DisableBladeIconComponents.php(14): Illuminate\\Pipeline\\Pipeline->{closure:{closure:Illuminate\\Pipeline\\Pipeline::carry():194}:195}(Object(Illuminate\\Http\\Request))
#53 /Users/jonathanbernate/Documents/GitHub/Green_Node/admin/vendor/laravel/framework/src/Illuminate/Pipeline/Pipeline.php(219): Filament\\Http\\Middleware\\DisableBladeIconComponents->handle(Object(Illuminate\\Http\\Request), Object(Closure))
#54 /Users/jonathanbernate/Documents/GitHub/Green_Node/admin/vendor/laravel/framework/src/Illuminate/Routing/Middleware/SubstituteBindings.php(52): Illuminate\\Pipeline\\Pipeline->{closure:{closure:Illuminate\\Pipeline\\Pipeline::carry():194}:195}(Object(Illuminate\\Http\\Request))
#55 /Users/jonathanbernate/Documents/GitHub/Green_Node/admin/vendor/laravel/framework/src/Illuminate/Pipeline/Pipeline.php(219): Illuminate\\Routing\\Middleware\\SubstituteBindings->handle(Object(Illuminate\\Http\\Request), Object(Closure))
#56 /Users/jonathanbernate/Documents/GitHub/Green_Node/admin/vendor/laravel/framework/src/Illuminate/Foundation/Http/Middleware/PreventRequestForgery.php(104): Illuminate\\Pipeline\\Pipeline->{closure:{closure:Illuminate\\Pipeline\\Pipeline::carry():194}:195}(Object(Illuminate\\Http\\Request))
#57 /Users/jonathanbernate/Documents/GitHub/Green_Node/admin/vendor/laravel/framework/src/Illuminate/Pipeline/Pipeline.php(219): Illuminate\\Foundation\\Http\\Middleware\\PreventRequestForgery->handle(Object(Illuminate\\Http\\Request), Object(Closure))
#58 /Users/jonathanbernate/Documents/GitHub/Green_Node/admin/vendor/laravel/framework/src/Illuminate/Session/Middleware/AuthenticateSession.php(70): Illuminate\\Pipeline\\Pipeline->{closure:{closure:Illuminate\\Pipeline\\Pipeline::carry():194}:195}(Object(Illuminate\\Http\\Request))
#59 /Users/jonathanbernate/Documents/GitHub/Green_Node/admin/vendor/laravel/framework/src/Illuminate/Pipeline/Pipeline.php(219): Illuminate\\Session\\Middleware\\AuthenticateSession->handle(Object(Illuminate\\Http\\Request), Object(Closure))
#60 /Users/jonathanbernate/Documents/GitHub/Green_Node/admin/vendor/laravel/framework/src/Illuminate/Auth/Middleware/Authenticate.php(63): Illuminate\\Pipeline\\Pipeline->{closure:{closure:Illuminate\\Pipeline\\Pipeline::carry():194}:195}(Object(Illuminate\\Http\\Request))
#61 /Users/jonathanbernate/Documents/GitHub/Green_Node/admin/vendor/laravel/framework/src/Illuminate/Pipeline/Pipeline.php(219): Illuminate\\Auth\\Middleware\\Authenticate->handle(Object(Illuminate\\Http\\Request), Object(Closure))
#62 /Users/jonathanbernate/Documents/GitHub/Green_Node/admin/vendor/laravel/framework/src/Illuminate/View/Middleware/ShareErrorsFromSession.php(48): Illuminate\\Pipeline\\Pipeline->{closure:{closure:Illuminate\\Pipeline\\Pipeline::carry():194}:195}(Object(Illuminate\\Http\\Request))
#63 /Users/jonathanbernate/Documents/GitHub/Green_Node/admin/vendor/laravel/framework/src/Illuminate/Pipeline/Pipeline.php(219): Illuminate\\View\\Middleware\\ShareErrorsFromSession->handle(Object(Illuminate\\Http\\Request), Object(Closure))
#64 /Users/jonathanbernate/Documents/GitHub/Green_Node/admin/vendor/laravel/framework/src/Illuminate/Session/Middleware/StartSession.php(120): Illuminate\\Pipeline\\Pipeline->{closure:{closure:Illuminate\\Pipeline\\Pipeline::carry():194}:195}(Object(Illuminate\\Http\\Request))
#65 /Users/jonathanbernate/Documents/GitHub/Green_Node/admin/vendor/laravel/framework/src/Illuminate/Session/Middleware/StartSession.php(63): Illuminate\\Session\\Middleware\\StartSession->handleStatefulRequest(Object(Illuminate\\Http\\Request), Object(Illuminate\\Session\\Store), Object(Closure))
#66 /Users/jonathanbernate/Documents/GitHub/Green_Node/admin/vendor/laravel/framework/src/Illuminate/Pipeline/Pipeline.php(219): Illuminate\\Session\\Middleware\\StartSession->handle(Object(Illuminate\\Http\\Request), Object(Closure))
#67 /Users/jonathanbernate/Documents/GitHub/Green_Node/admin/vendor/laravel/framework/src/Illuminate/Cookie/Middleware/AddQueuedCookiesToResponse.php(36): Illuminate\\Pipeline\\Pipeline->{closure:{closure:Illuminate\\Pipeline\\Pipeline::carry():194}:195}(Object(Illuminate\\Http\\Request))
#68 /Users/jonathanbernate/Documents/GitHub/Green_Node/admin/vendor/laravel/framework/src/Illuminate/Pipeline/Pipeline.php(219): Illuminate\\Cookie\\Middleware\\AddQueuedCookiesToResponse->handle(Object(Illuminate\\Http\\Request), Object(Closure))
#69 /Users/jonathanbernate/Documents/GitHub/Green_Node/admin/vendor/laravel/framework/src/Illuminate/Cookie/Middleware/EncryptCookies.php(74): Illuminate\\Pipeline\\Pipeline->{closure:{closure:Illuminate\\Pipeline\\Pipeline::carry():194}:195}(Object(Illuminate\\Http\\Request))
#70 /Users/jonathanbernate/Documents/GitHub/Green_Node/admin/vendor/laravel/framework/src/Illuminate/Pipeline/Pipeline.php(219): Illuminate\\Cookie\\Middleware\\EncryptCookies->handle(Object(Illuminate\\Http\\Request), Object(Closure))
#71 /Users/jonathanbernate/Documents/GitHub/Green_Node/admin/vendor/filament/filament/src/Http/Middleware/SetUpPanel.php(19): Illuminate\\Pipeline\\Pipeline->{closure:{closure:Illuminate\\Pipeline\\Pipeline::carry():194}:195}(Object(Illuminate\\Http\\Request))
#72 /Users/jonathanbernate/Documents/GitHub/Green_Node/admin/vendor/laravel/framework/src/Illuminate/Pipeline/Pipeline.php(219): Filament\\Http\\Middleware\\SetUpPanel->handle(Object(Illuminate\\Http\\Request), Object(Closure), Object(Filament\\Panel))
#73 /Users/jonathanbernate/Documents/GitHub/Green_Node/admin/vendor/laravel/framework/src/Illuminate/Pipeline/Pipeline.php(137): Illuminate\\Pipeline\\Pipeline->{closure:{closure:Illuminate\\Pipeline\\Pipeline::carry():194}:195}(Object(Illuminate\\Http\\Request))
#74 /Users/jonathanbernate/Documents/GitHub/Green_Node/admin/vendor/laravel/framework/src/Illuminate/Routing/Router.php(821): Illuminate\\Pipeline\\Pipeline->then(Object(Closure))
#75 /Users/jonathanbernate/Documents/GitHub/Green_Node/admin/vendor/laravel/framework/src/Illuminate/Routing/Router.php(800): Illuminate\\Routing\\Router->runRouteWithinStack(Object(Illuminate\\Routing\\Route), Object(Illuminate\\Http\\Request))
#76 /Users/jonathanbernate/Documents/GitHub/Green_Node/admin/vendor/laravel/framework/src/Illuminate/Routing/Router.php(764): Illuminate\\Routing\\Router->runRoute(Object(Illuminate\\Http\\Request), Object(Illuminate\\Routing\\Route))
#77 /Users/jonathanbernate/Documents/GitHub/Green_Node/admin/vendor/laravel/framework/src/Illuminate/Routing/Router.php(753): Illuminate\\Routing\\Router->dispatchToRoute(Object(Illuminate\\Http\\Request))
#78 /Users/jonathanbernate/Documents/GitHub/Green_Node/admin/vendor/laravel/framework/src/Illuminate/Foundation/Http/Kernel.php(200): Illuminate\\Routing\\Router->dispatch(Object(Illuminate\\Http\\Request))
#79 /Users/jonathanbernate/Documents/GitHub/Green_Node/admin/vendor/laravel/framework/src/Illuminate/Pipeline/Pipeline.php(180): Illuminate\\Foundation\\Http\\Kernel->{closure:Illuminate\\Foundation\\Http\\Kernel::dispatchToRouter():197}(Object(Illuminate\\Http\\Request))
#80 /Users/jonathanbernate/Documents/GitHub/Green_Node/admin/vendor/livewire/livewire/src/Features/SupportDisablingBackButtonCache/DisableBackButtonCacheMiddleware.php(19): Illuminate\\Pipeline\\Pipeline->{closure:Illuminate\\Pipeline\\Pipeline::prepareDestination():178}(Object(Illuminate\\Http\\Request))
#81 /Users/jonathanbernate/Documents/GitHub/Green_Node/admin/vendor/laravel/framework/src/Illuminate/Pipeline/Pipeline.php(219): Livewire\\Features\\SupportDisablingBackButtonCache\\DisableBackButtonCacheMiddleware->handle(Object(Illuminate\\Http\\Request), Object(Closure))
#82 /Users/jonathanbernate/Documents/GitHub/Green_Node/admin/vendor/laravel/framework/src/Illuminate/Foundation/Http/Middleware/TransformsRequest.php(21): Illuminate\\Pipeline\\Pipeline->{closure:{closure:Illuminate\\Pipeline\\Pipeline::carry():194}:195}(Object(Illuminate\\Http\\Request))
#83 /Users/jonathanbernate/Documents/GitHub/Green_Node/admin/vendor/laravel/framework/src/Illuminate/Foundation/Http/Middleware/ConvertEmptyStringsToNull.php(31): Illuminate\\Foundation\\Http\\Middleware\\TransformsRequest->handle(Object(Illuminate\\Http\\Request), Object(Closure))
#84 /Users/jonathanbernate/Documents/GitHub/Green_Node/admin/vendor/laravel/framework/src/Illuminate/Pipeline/Pipeline.php(219): Illuminate\\Foundation\\Http\\Middleware\\ConvertEmptyStringsToNull->handle(Object(Illuminate\\Http\\Request), Object(Closure))
#85 /Users/jonathanbernate/Documents/GitHub/Green_Node/admin/vendor/laravel/framework/src/Illuminate/Foundation/Http/Middleware/TransformsRequest.php(21): Illuminate\\Pipeline\\Pipeline->{closure:{closure:Illuminate\\Pipeline\\Pipeline::carry():194}:195}(Object(Illuminate\\Http\\Request))
#86 /Users/jonathanbernate/Documents/GitHub/Green_Node/admin/vendor/laravel/framework/src/Illuminate/Foundation/Http/Middleware/TrimStrings.php(51): Illuminate\\Foundation\\Http\\Middleware\\TransformsRequest->handle(Object(Illuminate\\Http\\Request), Object(Closure))
#87 /Users/jonathanbernate/Documents/GitHub/Green_Node/admin/vendor/laravel/framework/src/Illuminate/Pipeline/Pipeline.php(219): Illuminate\\Foundation\\Http\\Middleware\\TrimStrings->handle(Object(Illuminate\\Http\\Request), Object(Closure))
#88 /Users/jonathanbernate/Documents/GitHub/Green_Node/admin/vendor/laravel/framework/src/Illuminate/Http/Middleware/ValidatePostSize.php(27): Illuminate\\Pipeline\\Pipeline->{closure:{closure:Illuminate\\Pipeline\\Pipeline::carry():194}:195}(Object(Illuminate\\Http\\Request))
#89 /Users/jonathanbernate/Documents/GitHub/Green_Node/admin/vendor/laravel/framework/src/Illuminate/Pipeline/Pipeline.php(219): Illuminate\\Http\\Middleware\\ValidatePostSize->handle(Object(Illuminate\\Http\\Request), Object(Closure))
#90 /Users/jonathanbernate/Documents/GitHub/Green_Node/admin/vendor/laravel/framework/src/Illuminate/Foundation/Http/Middleware/PreventRequestsDuringMaintenance.php(109): Illuminate\\Pipeline\\Pipeline->{closure:{closure:Illuminate\\Pipeline\\Pipeline::carry():194}:195}(Object(Illuminate\\Http\\Request))
#91 /Users/jonathanbernate/Documents/GitHub/Green_Node/admin/vendor/laravel/framework/src/Illuminate/Pipeline/Pipeline.php(219): Illuminate\\Foundation\\Http\\Middleware\\PreventRequestsDuringMaintenance->handle(Object(Illuminate\\Http\\Request), Object(Closure))
#92 /Users/jonathanbernate/Documents/GitHub/Green_Node/admin/vendor/laravel/framework/src/Illuminate/Http/Middleware/HandleCors.php(61): Illuminate\\Pipeline\\Pipeline->{closure:{closure:Illuminate\\Pipeline\\Pipeline::carry():194}:195}(Object(Illuminate\\Http\\Request))
#93 /Users/jonathanbernate/Documents/GitHub/Green_Node/admin/vendor/laravel/framework/src/Illuminate/Pipeline/Pipeline.php(219): Illuminate\\Http\\Middleware\\HandleCors->handle(Object(Illuminate\\Http\\Request), Object(Closure))
#94 /Users/jonathanbernate/Documents/GitHub/Green_Node/admin/vendor/laravel/framework/src/Illuminate/Http/Middleware/TrustProxies.php(58): Illuminate\\Pipeline\\Pipeline->{closure:{closure:Illuminate\\Pipeline\\Pipeline::carry():194}:195}(Object(Illuminate\\Http\\Request))
#95 /Users/jonathanbernate/Documents/GitHub/Green_Node/admin/vendor/laravel/framework/src/Illuminate/Pipeline/Pipeline.php(219): Illuminate\\Http\\Middleware\\TrustProxies->handle(Object(Illuminate\\Http\\Request), Object(Closure))
#96 /Users/jonathanbernate/Documents/GitHub/Green_Node/admin/vendor/laravel/framework/src/Illuminate/Foundation/Http/Middleware/InvokeDeferredCallbacks.php(22): Illuminate\\Pipeline\\Pipeline->{closure:{closure:Illuminate\\Pipeline\\Pipeline::carry():194}:195}(Object(Illuminate\\Http\\Request))
#97 /Users/jonathanbernate/Documents/GitHub/Green_Node/admin/vendor/laravel/framework/src/Illuminate/Pipeline/Pipeline.php(219): Illuminate\\Foundation\\Http\\Middleware\\InvokeDeferredCallbacks->handle(Object(Illuminate\\Http\\Request), Object(Closure))
#98 /Users/jonathanbernate/Documents/GitHub/Green_Node/admin/vendor/laravel/framework/src/Illuminate/Http/Middleware/ValidatePathEncoding.php(28): Illuminate\\Pipeline\\Pipeline->{closure:{closure:Illuminate\\Pipeline\\Pipeline::carry():194}:195}(Object(Illuminate\\Http\\Request))
#99 /Users/jonathanbernate/Documents/GitHub/Green_Node/admin/vendor/laravel/framework/src/Illuminate/Pipeline/Pipeline.php(219): Illuminate\\Http\\Middleware\\ValidatePathEncoding->handle(Object(Illuminate\\Http\\Request), Object(Closure))
#100 /Users/jonathanbernate/Documents/GitHub/Green_Node/admin/vendor/laravel/framework/src/Illuminate/Pipeline/Pipeline.php(137): Illuminate\\Pipeline\\Pipeline->{closure:{closure:Illuminate\\Pipeline\\Pipeline::carry():194}:195}(Object(Illuminate\\Http\\Request))
#101 /Users/jonathanbernate/Documents/GitHub/Green_Node/admin/vendor/laravel/framework/src/Illuminate/Foundation/Http/Kernel.php(175): Illuminate\\Pipeline\\Pipeline->then(Object(Closure))
#102 /Users/jonathanbernate/Documents/GitHub/Green_Node/admin/vendor/laravel/framework/src/Illuminate/Foundation/Http/Kernel.php(144): Illuminate\\Foundation\\Http\\Kernel->sendRequestThroughRouter(Object(Illuminate\\Http\\Request))
#103 /Users/jonathanbernate/Documents/GitHub/Green_Node/admin/vendor/laravel/framework/src/Illuminate/Foundation/Application.php(1227): Illuminate\\Foundation\\Http\\Kernel->handle(Object(Illuminate\\Http\\Request))
#104 /Users/jonathanbernate/Documents/GitHub/Green_Node/admin/public/index.php(20): Illuminate\\Foundation\\Application->handleRequest(Object(Illuminate\\Http\\Request))
#105 /Users/jonathanbernate/Documents/GitHub/Green_Node/admin/vendor/laravel/framework/src/Illuminate/Foundation/resources/server.php(23): require_once('/Users/jonathan...')
#106 {main}

[previous exception] [object] (Exception(code: 0): Navigation group [Gestion] has an icon but one or more of its items also have icons. Either the group or its items can have icons, but not both. This is to ensure a proper user experience. at /Users/jonathanbernate/Documents/GitHub/Green_Node/admin/storage/framework/views/a926bcd68a50bfbb6597c7f3037edfc4.php:330)
[stacktrace]
#0 /Users/jonathanbernate/Documents/GitHub/Green_Node/admin/vendor/laravel/framework/src/Illuminate/Filesystem/Filesystem.php(123): require()
#1 /Users/jonathanbernate/Documents/GitHub/Green_Node/admin/vendor/laravel/framework/src/Illuminate/Filesystem/Filesystem.php(124): Illuminate\\Filesystem\\Filesystem::{closure:Illuminate\\Filesystem\\Filesystem::getRequire():120}()
#2 /Users/jonathanbernate/Documents/GitHub/Green_Node/admin/vendor/laravel/framework/src/Illuminate/View/Engines/PhpEngine.php(57): Illuminate\\Filesystem\\Filesystem->getRequire('/Users/jonathan...', Array)
#3 /Users/jonathanbernate/Documents/GitHub/Green_Node/admin/vendor/livewire/livewire/src/Mechanisms/ExtendBlade/ExtendedCompilerEngine.php(22): Illuminate\\View\\Engines\\PhpEngine->evaluatePath('/Users/jonathan...', Array)
#4 /Users/jonathanbernate/Documents/GitHub/Green_Node/admin/vendor/laravel/framework/src/Illuminate/View/Engines/CompilerEngine.php(76): Livewire\\Mechanisms\\ExtendBlade\\ExtendedCompilerEngine->evaluatePath('/Users/jonathan...', Array)
#5 /Users/jonathanbernate/Documents/GitHub/Green_Node/admin/vendor/livewire/livewire/src/Mechanisms/ExtendBlade/ExtendedCompilerEngine.php(10): Illuminate\\View\\Engines\\CompilerEngine->get('/Users/jonathan...', Array)
#6 /Users/jonathanbernate/Documents/GitHub/Green_Node/admin/vendor/laravel/framework/src/Illuminate/View/View.php(208): Livewire\\Mechanisms\\ExtendBlade\\ExtendedCompilerEngine->get('/Users/jonathan...', Array)
#7 /Users/jonathanbernate/Documents/GitHub/Green_Node/admin/vendor/laravel/framework/src/Illuminate/View/View.php(191): Illuminate\\View\\View->getContents()
#8 /Users/jonathanbernate/Documents/GitHub/Green_Node/admin/vendor/laravel/framework/src/Illuminate/View/View.php(160): Illuminate\\View\\View->renderContents()
#9 /Users/jonathanbernate/Documents/GitHub/Green_Node/admin/vendor/laravel/framework/src/Illuminate/View/Concerns/ManagesComponents.php(103): Illuminate\\View\\View->render()
#10 /Users/jonathanbernate/Documents/GitHub/Green_Node/admin/storage/framework/views/ddccb0fb6da8f0447e711befaaef511e.php(232): Illuminate\\View\\Factory->renderComponent()
#11 /Users/jonathanbernate/Documents/GitHub/Green_Node/admin/vendor/laravel/framework/src/Illuminate/Filesystem/Filesystem.php(123): require('/Users/jonathan...')
#12 /Users/jonathanbernate/Documents/GitHub/Green_Node/admin/vendor/laravel/framework/src/Illuminate/Filesystem/Filesystem.php(124): Illuminate\\Filesystem\\Filesystem::{closure:Illuminate\\Filesystem\\Filesystem::getRequire():120}()
#13 /Users/jonathanbernate/Documents/GitHub/Green_Node/admin/vendor/laravel/framework/src/Illuminate/View/Engines/PhpEngine.php(57): Illuminate\\Filesystem\\Filesystem->getRequire('/Users/jonathan...', Array)
#14 /Users/jonathanbernate/Documents/GitHub/Green_Node/admin/vendor/livewire/livewire/src/Mechanisms/ExtendBlade/ExtendedCompilerEngine.php(22): Illuminate\\View\\Engines\\PhpEngine->evaluatePath('/Users/jonathan...', Array)
#15 /Users/jonathanbernate/Documents/GitHub/Green_Node/admin/vendor/laravel/framework/src/Illuminate/View/Engines/CompilerEngine.php(76): Livewire\\Mechanisms\\ExtendBlade\\ExtendedCompilerEngine->evaluatePath('/Users/jonathan...', Array)
#16 /Users/jonathanbernate/Documents/GitHub/Green_Node/admin/vendor/livewire/livewire/src/Mechanisms/ExtendBlade/ExtendedCompilerEngine.php(10): Illuminate\\View\\Engines\\CompilerEngine->get('/Users/jonathan...', Array)
#17 /Users/jonathanbernate/Documents/GitHub/Green_Node/admin/vendor/laravel/framework/src/Illuminate/View/View.php(208): Livewire\\Mechanisms\\ExtendBlade\\ExtendedCompilerEngine->get('/Users/jonathan...', Array)
#18 /Users/jonathanbernate/Documents/GitHub/Green_Node/admin/vendor/laravel/framework/src/Illuminate/View/View.php(191): Illuminate\\View\\View->getContents()
#19 /Users/jonathanbernate/Documents/GitHub/Green_Node/admin/vendor/laravel/framework/src/Illuminate/View/View.php(160): Illuminate\\View\\View->renderContents()
#20 /Users/jonathanbernate/Documents/GitHub/Green_Node/admin/vendor/laravel/framework/src/Illuminate/View/Concerns/ManagesComponents.php(103): Illuminate\\View\\View->render()
#21 /Users/jonathanbernate/Documents/GitHub/Green_Node/admin/storage/framework/views/fd34d4d5b7c849899878f368cb93c694.php(144): Illuminate\\View\\Factory->renderComponent()
#22 /Users/jonathanbernate/Documents/GitHub/Green_Node/admin/vendor/laravel/framework/src/Illuminate/Filesystem/Filesystem.php(123): require('/Users/jonathan...')
#23 /Users/jonathanbernate/Documents/GitHub/Green_Node/admin/vendor/laravel/framework/src/Illuminate/Filesystem/Filesystem.php(124): Illuminate\\Filesystem\\Filesystem::{closure:Illuminate\\Filesystem\\Filesystem::getRequire():120}()
#24 /Users/jonathanbernate/Documents/GitHub/Green_Node/admin/vendor/laravel/framework/src/Illuminate/View/Engines/PhpEngine.php(57): Illuminate\\Filesystem\\Filesystem->getRequire('/Users/jonathan...', Array)
#25 /Users/jonathanbernate/Documents/GitHub/Green_Node/admin/vendor/livewire/livewire/src/Mechanisms/ExtendBlade/ExtendedCompilerEngine.php(22): Illuminate\\View\\Engines\\PhpEngine->evaluatePath('/Users/jonathan...', Array)
#26 /Users/jonathanbernate/Documents/GitHub/Green_Node/admin/vendor/laravel/framework/src/Illuminate/View/Engines/CompilerEngine.php(76): Livewire\\Mechanisms\\ExtendBlade\\ExtendedCompilerEngine->evaluatePath('/Users/jonathan...', Array)
#27 /Users/jonathanbernate/Documents/GitHub/Green_Node/admin/vendor/livewire/livewire/src/Mechanisms/ExtendBlade/ExtendedCompilerEngine.php(10): Illuminate\\View\\Engines\\CompilerEngine->get('/Users/jonathan...', Array)
#28 /Users/jonathanbernate/Documents/GitHub/Green_Node/admin/vendor/laravel/framework/src/Illuminate/View/View.php(208): Livewire\\Mechanisms\\ExtendBlade\\ExtendedCompilerEngine->get('/Users/jonathan...', Array)
#29 /Users/jonathanbernate/Documents/GitHub/Green_Node/admin/vendor/laravel/framework/src/Illuminate/View/View.php(191): Illuminate\\View\\View->getContents()
#30 /Users/jonathanbernate/Documents/GitHub/Green_Node/admin/vendor/laravel/framework/src/Illuminate/View/View.php(160): Illuminate\\View\\View->renderContents()
#31 /Users/jonathanbernate/Documents/GitHub/Green_Node/admin/vendor/laravel/framework/src/Illuminate/View/Concerns/ManagesComponents.php(103): Illuminate\\View\\View->render()
#32 /Users/jonathanbernate/Documents/GitHub/Green_Node/admin/storage/framework/views/528abea6fabcbcaacd06e6f964c4e6ef.php(17): Illuminate\\View\\Factory->renderComponent()
#33 /Users/jonathanbernate/Documents/GitHub/Green_Node/admin/vendor/laravel/framework/src/Illuminate/Filesystem/Filesystem.php(123): require('/Users/jonathan...')
#34 /Users/jonathanbernate/Documents/GitHub/Green_Node/admin/vendor/laravel/framework/src/Illuminate/Filesystem/Filesystem.php(124): Illuminate\\Filesystem\\Filesystem::{closure:Illuminate\\Filesystem\\Filesystem::getRequire():120}()
#35 /Users/jonathanbernate/Documents/GitHub/Green_Node/admin/vendor/laravel/framework/src/Illuminate/View/Engines/PhpEngine.php(57): Illuminate\\Filesystem\\Filesystem->getRequire('/Users/jonathan...', Array)
#36 /Users/jonathanbernate/Documents/GitHub/Green_Node/admin/vendor/livewire/livewire/src/Mechanisms/ExtendBlade/ExtendedCompilerEngine.php(22): Illuminate\\View\\Engines\\PhpEngine->evaluatePath('/Users/jonathan...', Array)
#37 /Users/jonathanbernate/Documents/GitHub/Green_Node/admin/vendor/laravel/framework/src/Illuminate/View/Engines/CompilerEngine.php(76): Livewire\\Mechanisms\\ExtendBlade\\ExtendedCompilerEngine->evaluatePath('/Users/jonathan...', Array)
#38 /Users/jonathanbernate/Documents/GitHub/Green_Node/admin/vendor/livewire/livewire/src/Mechanisms/ExtendBlade/ExtendedCompilerEngine.php(10): Illuminate\\View\\Engines\\CompilerEngine->get('/Users/jonathan...', Array)
#39 /Users/jonathanbernate/Documents/GitHub/Green_Node/admin/vendor/laravel/framework/src/Illuminate/View/View.php(208): Livewire\\Mechanisms\\ExtendBlade\\ExtendedCompilerEngine->get('/Users/jonathan...', Array)
#40 /Users/jonathanbernate/Documents/GitHub/Green_Node/admin/vendor/laravel/framework/src/Illuminate/View/View.php(191): Illuminate\\View\\View->getContents()
#41 /Users/jonathanbernate/Documents/GitHub/Green_Node/admin/vendor/laravel/framework/src/Illuminate/View/View.php(160): Illuminate\\View\\View->renderContents()
#42 /Users/jonathanbernate/Documents/GitHub/Green_Node/admin/vendor/laravel/framework/src/Illuminate/View/Compilers/BladeCompiler.php(361): Illuminate\\View\\View->render()
#43 /Users/jonathanbernate/Documents/GitHub/Green_Node/admin/vendor/laravel/framework/src/Illuminate/Support/Facades/Facade.php(364): Illuminate\\View\\Compilers\\BladeCompiler::render('    <?php $layo...', Array)
#44 /Users/jonathanbernate/Documents/GitHub/Green_Node/admin/vendor/livewire/livewire/src/Features/SupportPageComponents/SupportPageComponents.php(153): Illuminate\\Support\\Facades\\Facade::__callStatic('render', Array)
#45 /Users/jonathanbernate/Documents/GitHub/Green_Node/admin/vendor/livewire/livewire/src/Features/SupportPageComponents/HandlesPageComponents.php(24): Livewire\\Features\\SupportPageComponents\\SupportPageComponents::renderContentsIntoLayout('<div wire:snaps...', Object(Livewire\\Features\\SupportPageComponents\\PageComponentConfig))
#46 /Users/jonathanbernate/Documents/GitHub/Green_Node/admin/vendor/laravel/framework/src/Illuminate/Routing/ControllerDispatcher.php(46): Livewire\\Component->__invoke()
#47 /Users/jonathanbernate/Documents/GitHub/Green_Node/admin/vendor/laravel/framework/src/Illuminate/Routing/Route.php(276): Illuminate\\Routing\\ControllerDispatcher->dispatch(Object(Illuminate\\Routing\\Route), Object(Filament\\Pages\\Dashboard), '__invoke')
#48 /Users/jonathanbernate/Documents/GitHub/Green_Node/admin/vendor/laravel/framework/src/Illuminate/Routing/Route.php(216): Illuminate\\Routing\\Route->runController()
#49 /Users/jonathanbernate/Documents/GitHub/Green_Node/admin/vendor/laravel/framework/src/Illuminate/Routing/Router.php(822): Illuminate\\Routing\\Route->run()
#50 /Users/jonathanbernate/Documents/GitHub/Green_Node/admin/vendor/laravel/framework/src/Illuminate/Pipeline/Pipeline.php(180): Illuminate\\Routing\\Router->{closure:Illuminate\\Routing\\Router::runRouteWithinStack():821}(Object(Illuminate\\Http\\Request))
#51 /Users/jonathanbernate/Documents/GitHub/Green_Node/admin/vendor/filament/filament/src/Http/Middleware/DispatchServingFilamentEvent.php(15): Illuminate\\Pipeline\\Pipeline->{closure:Illuminate\\Pipeline\\Pipeline::prepareDestination():178}(Object(Illuminate\\Http\\Request))
#52 /Users/jonathanbernate/Documents/GitHub/Green_Node/admin/vendor/laravel/framework/src/Illuminate/Pipeline/Pipeline.php(219): Filament\\Http\\Middleware\\DispatchServingFilamentEvent->handle(Object(Illuminate\\Http\\Request), Object(Closure))
#53 /Users/jonathanbernate/Documents/GitHub/Green_Node/admin/vendor/filament/filament/src/Http/Middleware/DisableBladeIconComponents.php(14): Illuminate\\Pipeline\\Pipeline->{closure:{closure:Illuminate\\Pipeline\\Pipeline::carry():194}:195}(Object(Illuminate\\Http\\Request))
#54 /Users/jonathanbernate/Documents/GitHub/Green_Node/admin/vendor/laravel/framework/src/Illuminate/Pipeline/Pipeline.php(219): Filament\\Http\\Middleware\\DisableBladeIconComponents->handle(Object(Illuminate\\Http\\Request), Object(Closure))
#55 /Users/jonathanbernate/Documents/GitHub/Green_Node/admin/vendor/laravel/framework/src/Illuminate/Routing/Middleware/SubstituteBindings.php(52): Illuminate\\Pipeline\\Pipeline->{closure:{closure:Illuminate\\Pipeline\\Pipeline::carry():194}:195}(Object(Illuminate\\Http\\Request))
#56 /Users/jonathanbernate/Documents/GitHub/Green_Node/admin/vendor/laravel/framework/src/Illuminate/Pipeline/Pipeline.php(219): Illuminate\\Routing\\Middleware\\SubstituteBindings->handle(Object(Illuminate\\Http\\Request), Object(Closure))
#57 /Users/jonathanbernate/Documents/GitHub/Green_Node/admin/vendor/laravel/framework/src/Illuminate/Foundation/Http/Middleware/PreventRequestForgery.php(104): Illuminate\\Pipeline\\Pipeline->{closure:{closure:Illuminate\\Pipeline\\Pipeline::carry():194}:195}(Object(Illuminate\\Http\\Request))
#58 /Users/jonathanbernate/Documents/GitHub/Green_Node/admin/vendor/laravel/framework/src/Illuminate/Pipeline/Pipeline.php(219): Illuminate\\Foundation\\Http\\Middleware\\PreventRequestForgery->handle(Object(Illuminate\\Http\\Request), Object(Closure))
#59 /Users/jonathanbernate/Documents/GitHub/Green_Node/admin/vendor/laravel/framework/src/Illuminate/Session/Middleware/AuthenticateSession.php(70): Illuminate\\Pipeline\\Pipeline->{closure:{closure:Illuminate\\Pipeline\\Pipeline::carry():194}:195}(Object(Illuminate\\Http\\Request))
#60 /Users/jonathanbernate/Documents/GitHub/Green_Node/admin/vendor/laravel/framework/src/Illuminate/Pipeline/Pipeline.php(219): Illuminate\\Session\\Middleware\\AuthenticateSession->handle(Object(Illuminate\\Http\\Request), Object(Closure))
#61 /Users/jonathanbernate/Documents/GitHub/Green_Node/admin/vendor/laravel/framework/src/Illuminate/Auth/Middleware/Authenticate.php(63): Illuminate\\Pipeline\\Pipeline->{closure:{closure:Illuminate\\Pipeline\\Pipeline::carry():194}:195}(Object(Illuminate\\Http\\Request))
#62 /Users/jonathanbernate/Documents/GitHub/Green_Node/admin/vendor/laravel/framework/src/Illuminate/Pipeline/Pipeline.php(219): Illuminate\\Auth\\Middleware\\Authenticate->handle(Object(Illuminate\\Http\\Request), Object(Closure))
#63 /Users/jonathanbernate/Documents/GitHub/Green_Node/admin/vendor/laravel/framework/src/Illuminate/View/Middleware/ShareErrorsFromSession.php(48): Illuminate\\Pipeline\\Pipeline->{closure:{closure:Illuminate\\Pipeline\\Pipeline::carry():194}:195}(Object(Illuminate\\Http\\Request))
#64 /Users/jonathanbernate/Documents/GitHub/Green_Node/admin/vendor/laravel/framework/src/Illuminate/Pipeline/Pipeline.php(219): Illuminate\\View\\Middleware\\ShareErrorsFromSession->handle(Object(Illuminate\\Http\\Request), Object(Closure))
#65 /Users/jonathanbernate/Documents/GitHub/Green_Node/admin/vendor/laravel/framework/src/Illuminate/Session/Middleware/StartSession.php(120): Illuminate\\Pipeline\\Pipeline->{closure:{closure:Illuminate\\Pipeline\\Pipeline::carry():194}:195}(Object(Illuminate\\Http\\Request))
#66 /Users/jonathanbernate/Documents/GitHub/Green_Node/admin/vendor/laravel/framework/src/Illuminate/Session/Middleware/StartSession.php(63): Illuminate\\Session\\Middleware\\StartSession->handleStatefulRequest(Object(Illuminate\\Http\\Request), Object(Illuminate\\Session\\Store), Object(Closure))
#67 /Users/jonathanbernate/Documents/GitHub/Green_Node/admin/vendor/laravel/framework/src/Illuminate/Pipeline/Pipeline.php(219): Illuminate\\Session\\Middleware\\StartSession->handle(Object(Illuminate\\Http\\Request), Object(Closure))
#68 /Users/jonathanbernate/Documents/GitHub/Green_Node/admin/vendor/laravel/framework/src/Illuminate/Cookie/Middleware/AddQueuedCookiesToResponse.php(36): Illuminate\\Pipeline\\Pipeline->{closure:{closure:Illuminate\\Pipeline\\Pipeline::carry():194}:195}(Object(Illuminate\\Http\\Request))
#69 /Users/jonathanbernate/Documents/GitHub/Green_Node/admin/vendor/laravel/framework/src/Illuminate/Pipeline/Pipeline.php(219): Illuminate\\Cookie\\Middleware\\AddQueuedCookiesToResponse->handle(Object(Illuminate\\Http\\Request), Object(Closure))
#70 /Users/jonathanbernate/Documents/GitHub/Green_Node/admin/vendor/laravel/framework/src/Illuminate/Cookie/Middleware/EncryptCookies.php(74): Illuminate\\Pipeline\\Pipeline->{closure:{closure:Illuminate\\Pipeline\\Pipeline::carry():194}:195}(Object(Illuminate\\Http\\Request))
#71 /Users/jonathanbernate/Documents/GitHub/Green_Node/admin/vendor/laravel/framework/src/Illuminate/Pipeline/Pipeline.php(219): Illuminate\\Cookie\\Middleware\\EncryptCookies->handle(Object(Illuminate\\Http\\Request), Object(Closure))
#72 /Users/jonathanbernate/Documents/GitHub/Green_Node/admin/vendor/filament/filament/src/Http/Middleware/SetUpPanel.php(19): Illuminate\\Pipeline\\Pipeline->{closure:{closure:Illuminate\\Pipeline\\Pipeline::carry():194}:195}(Object(Illuminate\\Http\\Request))
#73 /Users/jonathanbernate/Documents/GitHub/Green_Node/admin/vendor/laravel/framework/src/Illuminate/Pipeline/Pipeline.php(219): Filament\\Http\\Middleware\\SetUpPanel->handle(Object(Illuminate\\Http\\Request), Object(Closure), Object(Filament\\Panel))
#74 /Users/jonathanbernate/Documents/GitHub/Green_Node/admin/vendor/laravel/framework/src/Illuminate/Pipeline/Pipeline.php(137): Illuminate\\Pipeline\\Pipeline->{closure:{closure:Illuminate\\Pipeline\\Pipeline::carry():194}:195}(Object(Illuminate\\Http\\Request))
#75 /Users/jonathanbernate/Documents/GitHub/Green_Node/admin/vendor/laravel/framework/src/Illuminate/Routing/Router.php(821): Illuminate\\Pipeline\\Pipeline->then(Object(Closure))
#76 /Users/jonathanbernate/Documents/GitHub/Green_Node/admin/vendor/laravel/framework/src/Illuminate/Routing/Router.php(800): Illuminate\\Routing\\Router->runRouteWithinStack(Object(Illuminate\\Routing\\Route), Object(Illuminate\\Http\\Request))
#77 /Users/jonathanbernate/Documents/GitHub/Green_Node/admin/vendor/laravel/framework/src/Illuminate/Routing/Router.php(764): Illuminate\\Routing\\Router->runRoute(Object(Illuminate\\Http\\Request), Object(Illuminate\\Routing\\Route))
#78 /Users/jonathanbernate/Documents/GitHub/Green_Node/admin/vendor/laravel/framework/src/Illuminate/Routing/Router.php(753): Illuminate\\Routing\\Router->dispatchToRoute(Object(Illuminate\\Http\\Request))
#79 /Users/jonathanbernate/Documents/GitHub/Green_Node/admin/vendor/laravel/framework/src/Illuminate/Foundation/Http/Kernel.php(200): Illuminate\\Routing\\Router->dispatch(Object(Illuminate\\Http\\Request))
#80 /Users/jonathanbernate/Documents/GitHub/Green_Node/admin/vendor/laravel/framework/src/Illuminate/Pipeline/Pipeline.php(180): Illuminate\\Foundation\\Http\\Kernel->{closure:Illuminate\\Foundation\\Http\\Kernel::dispatchToRouter():197}(Object(Illuminate\\Http\\Request))
#81 /Users/jonathanbernate/Documents/GitHub/Green_Node/admin/vendor/livewire/livewire/src/Features/SupportDisablingBackButtonCache/DisableBackButtonCacheMiddleware.php(19): Illuminate\\Pipeline\\Pipeline->{closure:Illuminate\\Pipeline\\Pipeline::prepareDestination():178}(Object(Illuminate\\Http\\Request))
#82 /Users/jonathanbernate/Documents/GitHub/Green_Node/admin/vendor/laravel/framework/src/Illuminate/Pipeline/Pipeline.php(219): Livewire\\Features\\SupportDisablingBackButtonCache\\DisableBackButtonCacheMiddleware->handle(Object(Illuminate\\Http\\Request), Object(Closure))
#83 /Users/jonathanbernate/Documents/GitHub/Green_Node/admin/vendor/laravel/framework/src/Illuminate/Foundation/Http/Middleware/TransformsRequest.php(21): Illuminate\\Pipeline\\Pipeline->{closure:{closure:Illuminate\\Pipeline\\Pipeline::carry():194}:195}(Object(Illuminate\\Http\\Request))
#84 /Users/jonathanbernate/Documents/GitHub/Green_Node/admin/vendor/laravel/framework/src/Illuminate/Foundation/Http/Middleware/ConvertEmptyStringsToNull.php(31): Illuminate\\Foundation\\Http\\Middleware\\TransformsRequest->handle(Object(Illuminate\\Http\\Request), Object(Closure))
#85 /Users/jonathanbernate/Documents/GitHub/Green_Node/admin/vendor/laravel/framework/src/Illuminate/Pipeline/Pipeline.php(219): Illuminate\\Foundation\\Http\\Middleware\\ConvertEmptyStringsToNull->handle(Object(Illuminate\\Http\\Request), Object(Closure))
#86 /Users/jonathanbernate/Documents/GitHub/Green_Node/admin/vendor/laravel/framework/src/Illuminate/Foundation/Http/Middleware/TransformsRequest.php(21): Illuminate\\Pipeline\\Pipeline->{closure:{closure:Illuminate\\Pipeline\\Pipeline::carry():194}:195}(Object(Illuminate\\Http\\Request))
#87 /Users/jonathanbernate/Documents/GitHub/Green_Node/admin/vendor/laravel/framework/src/Illuminate/Foundation/Http/Middleware/TrimStrings.php(51): Illuminate\\Foundation\\Http\\Middleware\\TransformsRequest->handle(Object(Illuminate\\Http\\Request), Object(Closure))
#88 /Users/jonathanbernate/Documents/GitHub/Green_Node/admin/vendor/laravel/framework/src/Illuminate/Pipeline/Pipeline.php(219): Illuminate\\Foundation\\Http\\Middleware\\TrimStrings->handle(Object(Illuminate\\Http\\Request), Object(Closure))
#89 /Users/jonathanbernate/Documents/GitHub/Green_Node/admin/vendor/laravel/framework/src/Illuminate/Http/Middleware/ValidatePostSize.php(27): Illuminate\\Pipeline\\Pipeline->{closure:{closure:Illuminate\\Pipeline\\Pipeline::carry():194}:195}(Object(Illuminate\\Http\\Request))
#90 /Users/jonathanbernate/Documents/GitHub/Green_Node/admin/vendor/laravel/framework/src/Illuminate/Pipeline/Pipeline.php(219): Illuminate\\Http\\Middleware\\ValidatePostSize->handle(Object(Illuminate\\Http\\Request), Object(Closure))
#91 /Users/jonathanbernate/Documents/GitHub/Green_Node/admin/vendor/laravel/framework/src/Illuminate/Foundation/Http/Middleware/PreventRequestsDuringMaintenance.php(109): Illuminate\\Pipeline\\Pipeline->{closure:{closure:Illuminate\\Pipeline\\Pipeline::carry():194}:195}(Object(Illuminate\\Http\\Request))
#92 /Users/jonathanbernate/Documents/GitHub/Green_Node/admin/vendor/laravel/framework/src/Illuminate/Pipeline/Pipeline.php(219): Illuminate\\Foundation\\Http\\Middleware\\PreventRequestsDuringMaintenance->handle(Object(Illuminate\\Http\\Request), Object(Closure))
#93 /Users/jonathanbernate/Documents/GitHub/Green_Node/admin/vendor/laravel/framework/src/Illuminate/Http/Middleware/HandleCors.php(61): Illuminate\\Pipeline\\Pipeline->{closure:{closure:Illuminate\\Pipeline\\Pipeline::carry():194}:195}(Object(Illuminate\\Http\\Request))
#94 /Users/jonathanbernate/Documents/GitHub/Green_Node/admin/vendor/laravel/framework/src/Illuminate/Pipeline/Pipeline.php(219): Illuminate\\Http\\Middleware\\HandleCors->handle(Object(Illuminate\\Http\\Request), Object(Closure))
#95 /Users/jonathanbernate/Documents/GitHub/Green_Node/admin/vendor/laravel/framework/src/Illuminate/Http/Middleware/TrustProxies.php(58): Illuminate\\Pipeline\\Pipeline->{closure:{closure:Illuminate\\Pipeline\\Pipeline::carry():194}:195}(Object(Illuminate\\Http\\Request))
#96 /Users/jonathanbernate/Documents/GitHub/Green_Node/admin/vendor/laravel/framework/src/Illuminate/Pipeline/Pipeline.php(219): Illuminate\\Http\\Middleware\\TrustProxies->handle(Object(Illuminate\\Http\\Request), Object(Closure))
#97 /Users/jonathanbernate/Documents/GitHub/Green_Node/admin/vendor/laravel/framework/src/Illuminate/Foundation/Http/Middleware/InvokeDeferredCallbacks.php(22): Illuminate\\Pipeline\\Pipeline->{closure:{closure:Illuminate\\Pipeline\\Pipeline::carry():194}:195}(Object(Illuminate\\Http\\Request))
#98 /Users/jonathanbernate/Documents/GitHub/Green_Node/admin/vendor/laravel/framework/src/Illuminate/Pipeline/Pipeline.php(219): Illuminate\\Foundation\\Http\\Middleware\\InvokeDeferredCallbacks->handle(Object(Illuminate\\Http\\Request), Object(Closure))
#99 /Users/jonathanbernate/Documents/GitHub/Green_Node/admin/vendor/laravel/framework/src/Illuminate/Http/Middleware/ValidatePathEncoding.php(28): Illuminate\\Pipeline\\Pipeline->{closure:{closure:Illuminate\\Pipeline\\Pipeline::carry():194}:195}(Object(Illuminate\\Http\\Request))
#100 /Users/jonathanbernate/Documents/GitHub/Green_Node/admin/vendor/laravel/framework/src/Illuminate/Pipeline/Pipeline.php(219): Illuminate\\Http\\Middleware\\ValidatePathEncoding->handle(Object(Illuminate\\Http\\Request), Object(Closure))
#101 /Users/jonathanbernate/Documents/GitHub/Green_Node/admin/vendor/laravel/framework/src/Illuminate/Pipeline/Pipeline.php(137): Illuminate\\Pipeline\\Pipeline->{closure:{closure:Illuminate\\Pipeline\\Pipeline::carry():194}:195}(Object(Illuminate\\Http\\Request))
#102 /Users/jonathanbernate/Documents/GitHub/Green_Node/admin/vendor/laravel/framework/src/Illuminate/Foundation/Http/Kernel.php(175): Illuminate\\Pipeline\\Pipeline->then(Object(Closure))
#103 /Users/jonathanbernate/Documents/GitHub/Green_Node/admin/vendor/laravel/framework/src/Illuminate/Foundation/Http/Kernel.php(144): Illuminate\\Foundation\\Http\\Kernel->sendRequestThroughRouter(Object(Illuminate\\Http\\Request))
#104 /Users/jonathanbernate/Documents/GitHub/Green_Node/admin/vendor/laravel/framework/src/Illuminate/Foundation/Application.php(1227): Illuminate\\Foundation\\Http\\Kernel->handle(Object(Illuminate\\Http\\Request))
#105 /Users/jonathanbernate/Documents/GitHub/Green_Node/admin/public/index.php(20): Illuminate\\Foundation\\Application->handleRequest(Object(Illuminate\\Http\\Request))
#106 /Users/jonathanbernate/Documents/GitHub/Green_Node/admin/vendor/laravel/framework/src/Illuminate/Foundation/resources/server.php(23): require_once('/Users/jonathan...')
#107 {main}
"} 
[2026-07-27 01:35:46] local.ERROR: There are no commands defined in the "cors" namespace. {"exception":"[object] (Symfony\\Component\\Console\\Exception\\NamespaceNotFoundException(code: 0): There are no commands defined in the \"cors\" namespace. at /Users/jonathanbernate/Documents/GitHub/Green_Node/admin/vendor/symfony/console/Application.php:694)
[stacktrace]
#0 /Users/jonathanbernate/Documents/GitHub/Green_Node/admin/vendor/symfony/console/Application.php(743): Symfony\\Component\\Console\\Application->findNamespace('cors')
#1 /Users/jonathanbernate/Documents/GitHub/Green_Node/admin/vendor/symfony/console/Application.php(298): Symfony\\Component\\Console\\Application->find('cors:install')
#2 /Users/jonathanbernate/Documents/GitHub/Green_Node/admin/vendor/symfony/console/Application.php(195): Symfony\\Component\\Console\\Application->doRun(Object(Symfony\\Component\\Console\\Input\\ArgvInput), Object(Symfony\\Component\\Console\\Output\\ConsoleOutput))
#3 /Users/jonathanbernate/Documents/GitHub/Green_Node/admin/vendor/laravel/framework/src/Illuminate/Foundation/Console/Kernel.php(198): Symfony\\Component\\Console\\Application->run(Object(Symfony\\Component\\Console\\Input\\ArgvInput), Object(Symfony\\Component\\Console\\Output\\ConsoleOutput))
#4 /Users/jonathanbernate/Documents/GitHub/Green_Node/admin/vendor/laravel/framework/src/Illuminate/Foundation/Application.php(1242): Illuminate\\Foundation\\Console\\Kernel->handle(Object(Symfony\\Component\\Console\\Input\\ArgvInput), Object(Symfony\\Component\\Console\\Output\\ConsoleOutput))
#5 /Users/jonathanbernate/Documents/GitHub/Green_Node/admin/artisan(16): Illuminate\\Foundation\\Application->handleCommand(Object(Symfony\\Component\\Console\\Input\\ArgvInput))
#6 {main}
"} 
[2026-10-01 01:31:55] local.ERROR: Class "App\Http\Controllers\Controller" not found {"exception":"[object] (Error(code: 0): Class \"App\\Http\\Controllers\\Controller\" not found at /Users/jonathanbernate/Documents/GitHub/Green_Node/admin/app/Http/Controllers/Api/AuthController.php:13)
[stacktrace]
#0 /Users/jonathanbernate/Documents/GitHub/Green_Node/admin/vendor/composer/ClassLoader.php(576): include()
#1 /Users/jonathanbernate/Documents/GitHub/Green_Node/admin/vendor/composer/ClassLoader.php(427): {closure:Composer\\Autoload\\ClassLoader::initializeIncludeClosure():575}('/Users/jonathan...')
#2 [internal function]: Composer\\Autoload\\ClassLoader->loadClass('App\\\\Http\\\\Contro...')
#3 /Users/jonathanbernate/Documents/GitHub/Green_Node/admin/vendor/laravel/framework/src/Illuminate/Routing/Route.php(1182): ReflectionClass->__construct('App\\\\Http\\\\Contro...')
#4 /Users/jonathanbernate/Documents/GitHub/Green_Node/admin/vendor/laravel/framework/src/Illuminate/Routing/Route.php(1132): Illuminate\\Routing\\Route->attributeProvidedControllerMiddleware('App\\\\Http\\\\Contro...', 'login')
#5 /Users/jonathanbernate/Documents/GitHub/Green_Node/admin/vendor/laravel/framework/src/Illuminate/Routing/Route.php(1069): Illuminate\\Routing\\Route->controllerMiddleware()
#6 /Users/jonathanbernate/Documents/GitHub/Green_Node/admin/vendor/laravel/framework/src/Illuminate/Routing/Router.php(834): Illuminate\\Routing\\Route->gatherMiddleware()
#7 /Users/jonathanbernate/Documents/GitHub/Green_Node/admin/vendor/laravel/framework/src/Illuminate/Foundation/Console/RouteListCommand.php(229): Illuminate\\Routing\\Router->gatherRouteMiddleware(Object(Illuminate\\Routing\\Route))
#8 /Users/jonathanbernate/Documents/GitHub/Green_Node/admin/vendor/laravel/framework/src/Illuminate/Foundation/Console/RouteListCommand.php(148): Illuminate\\Foundation\\Console\\RouteListCommand->getMiddleware(Object(Illuminate\\Routing\\Route))
#9 /Users/jonathanbernate/Documents/GitHub/Green_Node/admin/vendor/laravel/framework/src/Illuminate/Foundation/Console/RouteListCommand.php(117): Illuminate\\Foundation\\Console\\RouteListCommand->getRouteInformation(Object(Illuminate\\Routing\\Route))
#10 [internal function]: Illuminate\\Foundation\\Console\\RouteListCommand->{closure:Illuminate\\Foundation\\Console\\RouteListCommand::getRoutes():117}(Object(Illuminate\\Routing\\Route), 11)
#11 /Users/jonathanbernate/Documents/GitHub/Green_Node/admin/vendor/laravel/framework/src/Illuminate/Collections/Arr.php(852): array_map(Object(Closure), Array, Array)
#12 /Users/jonathanbernate/Documents/GitHub/Green_Node/admin/vendor/laravel/framework/src/Illuminate/Collections/Collection.php(827): Illuminate\\Support\\Arr::map(Array, Object(Closure))
#13 /Users/jonathanbernate/Documents/GitHub/Green_Node/admin/vendor/laravel/framework/src/Illuminate/Foundation/Console/RouteListCommand.php(117): Illuminate\\Support\\Collection->map(Object(Closure))
#14 /Users/jonathanbernate/Documents/GitHub/Green_Node/admin/vendor/laravel/framework/src/Illuminate/Foundation/Console/RouteListCommand.php(102): Illuminate\\Foundation\\Console\\RouteListCommand->getRoutes()
#15 /Users/jonathanbernate/Documents/GitHub/Green_Node/admin/vendor/laravel/framework/src/Illuminate/Container/BoundMethod.php(36): Illuminate\\Foundation\\Console\\RouteListCommand->handle()
#16 /Users/jonathanbernate/Documents/GitHub/Green_Node/admin/vendor/laravel/framework/src/Illuminate/Container/Util.php(43): Illuminate\\Container\\BoundMethod::{closure:Illuminate\\Container\\BoundMethod::call():35}()
#17 /Users/jonathanbernate/Documents/GitHub/Green_Node/admin/vendor/laravel/framework/src/Illuminate/Container/BoundMethod.php(96): Illuminate\\Container\\Util::unwrapIfClosure(Object(Closure))
#18 /Users/jonathanbernate/Documents/GitHub/Green_Node/admin/vendor/laravel/framework/src/Illuminate/Container/BoundMethod.php(35): Illuminate\\Container\\BoundMethod::callBoundMethod(Object(Illuminate\\Foundation\\Application), Array, Object(Closure))
#19 /Users/jonathanbernate/Documents/GitHub/Green_Node/admin/vendor/laravel/framework/src/Illuminate/Container/Container.php(800): Illuminate\\Container\\BoundMethod::call(Object(Illuminate\\Foundation\\Application), Array, Array, NULL)
#20 /Users/jonathanbernate/Documents/GitHub/Green_Node/admin/vendor/laravel/framework/src/Illuminate/Console/Command.php(280): Illuminate\\Container\\Container->call(Array)
#21 /Users/jonathanbernate/Documents/GitHub/Green_Node/admin/vendor/symfony/console/Command/Command.php(341): Illuminate\\Console\\Command->execute(Object(Symfony\\Component\\Console\\Input\\ArgvInput), Object(Laravel\\Pao\\Laravel\\PaoOutputStyle))
#22 /Users/jonathanbernate/Documents/GitHub/Green_Node/admin/vendor/laravel/framework/src/Illuminate/Console/Command.php(249): Symfony\\Component\\Console\\Command\\Command->run(Object(Symfony\\Component\\Console\\Input\\ArgvInput), Object(Laravel\\Pao\\Laravel\\PaoOutputStyle))
#23 /Users/jonathanbernate/Documents/GitHub/Green_Node/admin/vendor/symfony/console/Application.php(1117): Illuminate\\Console\\Command->run(Object(Symfony\\Component\\Console\\Input\\ArgvInput), Object(Symfony\\Component\\Console\\Output\\ConsoleOutput))
#24 /Users/jonathanbernate/Documents/GitHub/Green_Node/admin/vendor/symfony/console/Application.php(356): Symfony\\Component\\Console\\Application->doRunCommand(Object(Illuminate\\Foundation\\Console\\RouteListCommand), Object(Symfony\\Component\\Console\\Input\\ArgvInput), Object(Symfony\\Component\\Console\\Output\\ConsoleOutput))
#25 /Users/jonathanbernate/Documents/GitHub/Green_Node/admin/vendor/symfony/console/Application.php(195): Symfony\\Component\\Console\\Application->doRun(Object(Symfony\\Component\\Console\\Input\\ArgvInput), Object(Symfony\\Component\\Console\\Output\\ConsoleOutput))
#26 /Users/jonathanbernate/Documents/GitHub/Green_Node/admin/vendor/laravel/framework/src/Illuminate/Foundation/Console/Kernel.php(198): Symfony\\Component\\Console\\Application->run(Object(Symfony\\Component\\Console\\Input\\ArgvInput), Object(Symfony\\Component\\Console\\Output\\ConsoleOutput))
#27 /Users/jonathanbernate/Documents/GitHub/Green_Node/admin/artisan(15): Illuminate\\Foundation\\Console\\Kernel->handle(Object(Symfony\\Component\\Console\\Input\\ArgvInput), Object(Symfony\\Component\\Console\\Output\\ConsoleOutput))
#28 {main}
"} 
[2026-10-09 18:30:22] local.ERROR: SQLSTATE[HY000]: General error: 1824 Failed to open the referenced table 'users' (Connection: mysql, Host: ls-deeb1cf80204a56d0fecc5fda7a8c73e81a888f6.c9ttrghe1uvr.us-east-1.rds.amazonaws.com, Port: 3306, Database: green_node, SQL: alter table `lesson_progress` add constraint `lesson_progress_user_id_foreign` foreign key (`user_id`) references `users` (`id`) on delete cascade) {"exception":"[object] (Illuminate\\Database\\QueryException(code: HY000): SQLSTATE[HY000]: General error: 1824 Failed to open the referenced table 'users' (Connection: mysql, Host: ls-deeb1cf80204a56d0fecc5fda7a8c73e81a888f6.c9ttrghe1uvr.us-east-1.rds.amazonaws.com, Port: 3306, Database: green_node, SQL: alter table `lesson_progress` add constraint `lesson_progress_user_id_foreign` foreign key (`user_id`) references `users` (`id`) on delete cascade) at /Users/jonathanbernate/Documents/GitHub/Green_Node/admin/vendor/laravel/framework/src/Illuminate/Database/Connection.php:857)
[stacktrace]
#0 /Users/jonathanbernate/Documents/GitHub/Green_Node/admin/vendor/laravel/framework/src/Illuminate/Database/Connection.php(813): Illuminate\\Database\\Connection->runQueryCallback('alter table `le...', Array, Object(Closure))
#1 /Users/jonathanbernate/Documents/GitHub/Green_Node/admin/vendor/laravel/framework/src/Illuminate/Database/Connection.php(590): Illuminate\\Database\\Connection->run('alter table `le...', Array, Object(Closure))
#2 /Users/jonathanbernate/Documents/GitHub/Green_Node/admin/vendor/laravel/framework/src/Illuminate/Database/Schema/Blueprint.php(122): Illuminate\\Database\\Connection->statement('alter table `le...')
#3 /Users/jonathanbernate/Documents/GitHub/Green_Node/admin/vendor/laravel/framework/src/Illuminate/Database/Schema/Builder.php(702): Illuminate\\Database\\Schema\\Blueprint->build()
#4 /Users/jonathanbernate/Documents/GitHub/Green_Node/admin/vendor/laravel/framework/src/Illuminate/Database/Schema/Builder.php(520): Illuminate\\Database\\Schema\\Builder->build(Object(Illuminate\\Database\\Schema\\Blueprint))
#5 /Users/jonathanbernate/Documents/GitHub/Green_Node/admin/vendor/laravel/framework/src/Illuminate/Support/Facades/Facade.php(364): Illuminate\\Database\\Schema\\Builder->create('lesson_progress', Object(Closure))
#6 /Users/jonathanbernate/Documents/GitHub/Green_Node/admin/database/migrations/2026_10_01_000001_create_learning_tables.php(46): Illuminate\\Support\\Facades\\Facade::__callStatic('create', Array)
#7 /Users/jonathanbernate/Documents/GitHub/Green_Node/admin/vendor/laravel/framework/src/Illuminate/Database/Migrations/Migrator.php(517): Illuminate\\Database\\Migrations\\Migration@anonymous->up()
#8 /Users/jonathanbernate/Documents/GitHub/Green_Node/admin/vendor/laravel/framework/src/Illuminate/Database/Migrations/Migrator.php(442): Illuminate\\Database\\Migrations\\Migrator->runMethod(Object(Illuminate\\Database\\MySqlConnection), Object(Illuminate\\Database\\Migrations\\Migration@anonymous), 'up')
#9 /Users/jonathanbernate/Documents/GitHub/Green_Node/admin/vendor/laravel/framework/src/Illuminate/Database/Migrations/Migrator.php(451): Illuminate\\Database\\Migrations\\Migrator->{closure:Illuminate\\Database\\Migrations\\Migrator::runMigration():438}()
#10 /Users/jonathanbernate/Documents/GitHub/Green_Node/admin/vendor/laravel/framework/src/Illuminate/Database/Migrations/Migrator.php(253): Illuminate\\Database\\Migrations\\Migrator->runMigration(Object(Illuminate\\Database\\Migrations\\Migration@anonymous), 'up', '2026_10_01_0000...')
#11 /Users/jonathanbernate/Documents/GitHub/Green_Node/admin/vendor/laravel/framework/src/Illuminate/Console/View/Components/Task.php(43): Illuminate\\Database\\Migrations\\Migrator->{closure:Illuminate\\Database\\Migrations\\Migrator::runUp():253}()
#12 /Users/jonathanbernate/Documents/GitHub/Green_Node/admin/vendor/laravel/framework/src/Illuminate/Database/Migrations/Migrator.php(853): Illuminate\\Console\\View\\Components\\Task->render('2026_10_01_0000...', Object(Closure))
#13 /Users/jonathanbernate/Documents/GitHub/Green_Node/admin/vendor/laravel/framework/src/Illuminate/Database/Migrations/Migrator.php(253): Illuminate\\Database\\Migrations\\Migrator->write('Illuminate\\\\Cons...', '2026_10_01_0000...', Object(Closure))
#14 /Users/jonathanbernate/Documents/GitHub/Green_Node/admin/vendor/laravel/framework/src/Illuminate/Database/Migrations/Migrator.php(211): Illuminate\\Database\\Migrations\\Migrator->runUp('/Users/jonathan...', 1, false)
#15 /Users/jonathanbernate/Documents/GitHub/Green_Node/admin/vendor/laravel/framework/src/Illuminate/Database/Migrations/Migrator.php(138): Illuminate\\Database\\Migrations\\Migrator->runPending(Array, Array)
#16 /Users/jonathanbernate/Documents/GitHub/Green_Node/admin/vendor/laravel/framework/src/Illuminate/Database/Console/Migrations/MigrateCommand.php(118): Illuminate\\Database\\Migrations\\Migrator->run(Array, Array)
#17 /Users/jonathanbernate/Documents/GitHub/Green_Node/admin/vendor/laravel/framework/src/Illuminate/Database/Migrations/Migrator.php(672): Illuminate\\Database\\Console\\Migrations\\MigrateCommand->{closure:Illuminate\\Database\\Console\\Migrations\\MigrateCommand::runMigrations():111}()
#18 /Users/jonathanbernate/Documents/GitHub/Green_Node/admin/vendor/laravel/framework/src/Illuminate/Database/Console/Migrations/MigrateCommand.php(111): Illuminate\\Database\\Migrations\\Migrator->usingConnection(NULL, Object(Closure))
#19 /Users/jonathanbernate/Documents/GitHub/Green_Node/admin/vendor/laravel/framework/src/Illuminate/Database/Console/Migrations/MigrateCommand.php(90): Illuminate\\Database\\Console\\Migrations\\MigrateCommand->runMigrations()
#20 /Users/jonathanbernate/Documents/GitHub/Green_Node/admin/vendor/laravel/framework/src/Illuminate/Container/BoundMethod.php(36): Illuminate\\Database\\Console\\Migrations\\MigrateCommand->handle()
#21 /Users/jonathanbernate/Documents/GitHub/Green_Node/admin/vendor/laravel/framework/src/Illuminate/Container/Util.php(43): Illuminate\\Container\\BoundMethod::{closure:Illuminate\\Container\\BoundMethod::call():35}()
#22 /Users/jonathanbernate/Documents/GitHub/Green_Node/admin/vendor/laravel/framework/src/Illuminate/Container/BoundMethod.php(96): Illuminate\\Container\\Util::unwrapIfClosure(Object(Closure))
#23 /Users/jonathanbernate/Documents/GitHub/Green_Node/admin/vendor/laravel/framework/src/Illuminate/Container/BoundMethod.php(35): Illuminate\\Container\\BoundMethod::callBoundMethod(Object(Illuminate\\Foundation\\Application), Array, Object(Closure))
#24 /Users/jonathanbernate/Documents/GitHub/Green_Node/admin/vendor/laravel/framework/src/Illuminate/Container/Container.php(800): Illuminate\\Container\\BoundMethod::call(Object(Illuminate\\Foundation\\Application), Array, Array, NULL)
#25 /Users/jonathanbernate/Documents/GitHub/Green_Node/admin/vendor/laravel/framework/src/Illuminate/Console/Command.php(280): Illuminate\\Container\\Container->call(Array)
#26 /Users/jonathanbernate/Documents/GitHub/Green_Node/admin/vendor/symfony/console/Command/Command.php(341): Illuminate\\Console\\Command->execute(Object(Symfony\\Component\\Console\\Input\\ArgvInput), Object(Illuminate\\Console\\OutputStyle))
#27 /Users/jonathanbernate/Documents/GitHub/Green_Node/admin/vendor/laravel/framework/src/Illuminate/Console/Command.php(249): Symfony\\Component\\Console\\Command\\Command->run(Object(Symfony\\Component\\Console\\Input\\ArgvInput), Object(Illuminate\\Console\\OutputStyle))
#28 /Users/jonathanbernate/Documents/GitHub/Green_Node/admin/vendor/symfony/console/Application.php(1117): Illuminate\\Console\\Command->run(Object(Symfony\\Component\\Console\\Input\\ArgvInput), Object(Symfony\\Component\\Console\\Output\\ConsoleOutput))
#29 /Users/jonathanbernate/Documents/GitHub/Green_Node/admin/vendor/symfony/console/Application.php(356): Symfony\\Component\\Console\\Application->doRunCommand(Object(Illuminate\\Database\\Console\\Migrations\\MigrateCommand), Object(Symfony\\Component\\Console\\Input\\ArgvInput), Object(Symfony\\Component\\Console\\Output\\ConsoleOutput))
#30 /Users/jonathanbernate/Documents/GitHub/Green_Node/admin/vendor/symfony/console/Application.php(195): Symfony\\Component\\Console\\Application->doRun(Object(Symfony\\Component\\Console\\Input\\ArgvInput), Object(Symfony\\Component\\Console\\Output\\ConsoleOutput))
#31 /Users/jonathanbernate/Documents/GitHub/Green_Node/admin/vendor/laravel/framework/src/Illuminate/Foundation/Console/Kernel.php(198): Symfony\\Component\\Console\\Application->run(Object(Symfony\\Component\\Console\\Input\\ArgvInput), Object(Symfony\\Component\\Console\\Output\\ConsoleOutput))
#32 /Users/jonathanbernate/Documents/GitHub/Green_Node/admin/artisan(15): Illuminate\\Foundation\\Console\\Kernel->handle(Object(Symfony\\Component\\Console\\Input\\ArgvInput), Object(Symfony\\Component\\Console\\Output\\ConsoleOutput))
#33 {main}

[previous exception] [object] (PDOException(code: HY000): SQLSTATE[HY000]: General error: 1824 Failed to open the referenced table 'users' at /Users/jonathanbernate/Documents/GitHub/Green_Node/admin/vendor/laravel/framework/src/Illuminate/Database/Connection.php:601)
[stacktrace]
#0 /Users/jonathanbernate/Documents/GitHub/Green_Node/admin/vendor/laravel/framework/src/Illuminate/Database/Connection.php(601): PDOStatement->execute()
#1 /Users/jonathanbernate/Documents/GitHub/Green_Node/admin/vendor/laravel/framework/src/Illuminate/Database/Connection.php(846): Illuminate\\Database\\Connection->{closure:Illuminate\\Database\\Connection::statement():590}('alter table `le...', Array)
#2 /Users/jonathanbernate/Documents/GitHub/Green_Node/admin/vendor/laravel/framework/src/Illuminate/Database/Connection.php(813): Illuminate\\Database\\Connection->runQueryCallback('alter table `le...', Array, Object(Closure))
#3 /Users/jonathanbernate/Documents/GitHub/Green_Node/admin/vendor/laravel/framework/src/Illuminate/Database/Connection.php(590): Illuminate\\Database\\Connection->run('alter table `le...', Array, Object(Closure))
#4 /Users/jonathanbernate/Documents/GitHub/Green_Node/admin/vendor/laravel/framework/src/Illuminate/Database/Schema/Blueprint.php(122): Illuminate\\Database\\Connection->statement('alter table `le...')
#5 /Users/jonathanbernate/Documents/GitHub/Green_Node/admin/vendor/laravel/framework/src/Illuminate/Database/Schema/Builder.php(702): Illuminate\\Database\\Schema\\Blueprint->build()
#6 /Users/jonathanbernate/Documents/GitHub/Green_Node/admin/vendor/laravel/framework/src/Illuminate/Database/Schema/Builder.php(520): Illuminate\\Database\\Schema\\Builder->build(Object(Illuminate\\Database\\Schema\\Blueprint))
#7 /Users/jonathanbernate/Documents/GitHub/Green_Node/admin/vendor/laravel/framework/src/Illuminate/Support/Facades/Facade.php(364): Illuminate\\Database\\Schema\\Builder->create('lesson_progress', Object(Closure))
#8 /Users/jonathanbernate/Documents/GitHub/Green_Node/admin/database/migrations/2026_10_01_000001_create_learning_tables.php(46): Illuminate\\Support\\Facades\\Facade::__callStatic('create', Array)
#9 /Users/jonathanbernate/Documents/GitHub/Green_Node/admin/vendor/laravel/framework/src/Illuminate/Database/Migrations/Migrator.php(517): Illuminate\\Database\\Migrations\\Migration@anonymous->up()
#10 /Users/jonathanbernate/Documents/GitHub/Green_Node/admin/vendor/laravel/framework/src/Illuminate/Database/Migrations/Migrator.php(442): Illuminate\\Database\\Migrations\\Migrator->runMethod(Object(Illuminate\\Database\\MySqlConnection), Object(Illuminate\\Database\\Migrations\\Migration@anonymous), 'up')
#11 /Users/jonathanbernate/Documents/GitHub/Green_Node/admin/vendor/laravel/framework/src/Illuminate/Database/Migrations/Migrator.php(451): Illuminate\\Database\\Migrations\\Migrator->{closure:Illuminate\\Database\\Migrations\\Migrator::runMigration():438}()
#12 /Users/jonathanbernate/Documents/GitHub/Green_Node/admin/vendor/laravel/framework/src/Illuminate/Database/Migrations/Migrator.php(253): Illuminate\\Database\\Migrations\\Migrator->runMigration(Object(Illuminate\\Database\\Migrations\\Migration@anonymous), 'up', '2026_10_01_0000...')
#13 /Users/jonathanbernate/Documents/GitHub/Green_Node/admin/vendor/laravel/framework/src/Illuminate/Console/View/Components/Task.php(43): Illuminate\\Database\\Migrations\\Migrator->{closure:Illuminate\\Database\\Migrations\\Migrator::runUp():253}()
#14 /Users/jonathanbernate/Documents/GitHub/Green_Node/admin/vendor/laravel/framework/src/Illuminate/Database/Migrations/Migrator.php(853): Illuminate\\Console\\View\\Components\\Task->render('2026_10_01_0000...', Object(Closure))
#15 /Users/jonathanbernate/Documents/GitHub/Green_Node/admin/vendor/laravel/framework/src/Illuminate/Database/Migrations/Migrator.php(253): Illuminate\\Database\\Migrations\\Migrator->write('Illuminate\\\\Cons...', '2026_10_01_0000...', Object(Closure))
#16 /Users/jonathanbernate/Documents/GitHub/Green_Node/admin/vendor/laravel/framework/src/Illuminate/Database/Migrations/Migrator.php(211): Illuminate\\Database\\Migrations\\Migrator->runUp('/Users/jonathan...', 1, false)
#17 /Users/jonathanbernate/Documents/GitHub/Green_Node/admin/vendor/laravel/framework/src/Illuminate/Database/Migrations/Migrator.php(138): Illuminate\\Database\\Migrations\\Migrator->runPending(Array, Array)
#18 /Users/jonathanbernate/Documents/GitHub/Green_Node/admin/vendor/laravel/framework/src/Illuminate/Database/Console/Migrations/MigrateCommand.php(118): Illuminate\\Database\\Migrations\\Migrator->run(Array, Array)
#19 /Users/jonathanbernate/Documents/GitHub/Green_Node/admin/vendor/laravel/framework/src/Illuminate/Database/Migrations/Migrator.php(672): Illuminate\\Database\\Console\\Migrations\\MigrateCommand->{closure:Illuminate\\Database\\Console\\Migrations\\MigrateCommand::runMigrations():111}()
#20 /Users/jonathanbernate/Documents/GitHub/Green_Node/admin/vendor/laravel/framework/src/Illuminate/Database/Console/Migrations/MigrateCommand.php(111): Illuminate\\Database\\Migrations\\Migrator->usingConnection(NULL, Object(Closure))
#21 /Users/jonathanbernate/Documents/GitHub/Green_Node/admin/vendor/laravel/framework/src/Illuminate/Database/Console/Migrations/MigrateCommand.php(90): Illuminate\\Database\\Console\\Migrations\\MigrateCommand->runMigrations()
#22 /Users/jonathanbernate/Documents/GitHub/Green_Node/admin/vendor/laravel/framework/src/Illuminate/Container/BoundMethod.php(36): Illuminate\\Database\\Console\\Migrations\\MigrateCommand->handle()
#23 /Users/jonathanbernate/Documents/GitHub/Green_Node/admin/vendor/laravel/framework/src/Illuminate/Container/Util.php(43): Illuminate\\Container\\BoundMethod::{closure:Illuminate\\Container\\BoundMethod::call():35}()
#24 /Users/jonathanbernate/Documents/GitHub/Green_Node/admin/vendor/laravel/framework/src/Illuminate/Container/BoundMethod.php(96): Illuminate\\Container\\Util::unwrapIfClosure(Object(Closure))
#25 /Users/jonathanbernate/Documents/GitHub/Green_Node/admin/vendor/laravel/framework/src/Illuminate/Container/BoundMethod.php(35): Illuminate\\Container\\BoundMethod::callBoundMethod(Object(Illuminate\\Foundation\\Application), Array, Object(Closure))
#26 /Users/jonathanbernate/Documents/GitHub/Green_Node/admin/vendor/laravel/framework/src/Illuminate/Container/Container.php(800): Illuminate\\Container\\BoundMethod::call(Object(Illuminate\\Foundation\\Application), Array, Array, NULL)
#27 /Users/jonathanbernate/Documents/GitHub/Green_Node/admin/vendor/laravel/framework/src/Illuminate/Console/Command.php(280): Illuminate\\Container\\Container->call(Array)
#28 /Users/jonathanbernate/Documents/GitHub/Green_Node/admin/vendor/symfony/console/Command/Command.php(341): Illuminate\\Console\\Command->execute(Object(Symfony\\Component\\Console\\Input\\ArgvInput), Object(Illuminate\\Console\\OutputStyle))
#29 /Users/jonathanbernate/Documents/GitHub/Green_Node/admin/vendor/laravel/framework/src/Illuminate/Console/Command.php(249): Symfony\\Component\\Console\\Command\\Command->run(Object(Symfony\\Component\\Console\\Input\\ArgvInput), Object(Illuminate\\Console\\OutputStyle))
#30 /Users/jonathanbernate/Documents/GitHub/Green_Node/admin/vendor/symfony/console/Application.php(1117): Illuminate\\Console\\Command->run(Object(Symfony\\Component\\Console\\Input\\ArgvInput), Object(Symfony\\Component\\Console\\Output\\ConsoleOutput))
#31 /Users/jonathanbernate/Documents/GitHub/Green_Node/admin/vendor/symfony/console/Application.php(356): Symfony\\Component\\Console\\Application->doRunCommand(Object(Illuminate\\Database\\Console\\Migrations\\MigrateCommand), Object(Symfony\\Component\\Console\\Input\\ArgvInput), Object(Symfony\\Component\\Console\\Output\\ConsoleOutput))
#32 /Users/jonathanbernate/Documents/GitHub/Green_Node/admin/vendor/symfony/console/Application.php(195): Symfony\\Component\\Console\\Application->doRun(Object(Symfony\\Component\\Console\\Input\\ArgvInput), Object(Symfony\\Component\\Console\\Output\\ConsoleOutput))
#33 /Users/jonathanbernate/Documents/GitHub/Green_Node/admin/vendor/laravel/framework/src/Illuminate/Foundation/Console/Kernel.php(198): Symfony\\Component\\Console\\Application->run(Object(Symfony\\Component\\Console\\Input\\ArgvInput), Object(Symfony\\Component\\Console\\Output\\ConsoleOutput))
#34 /Users/jonathanbernate/Documents/GitHub/Green_Node/admin/artisan(15): Illuminate\\Foundation\\Console\\Kernel->handle(Object(Symfony\\Component\\Console\\Input\\ArgvInput), Object(Symfony\\Component\\Console\\Output\\ConsoleOutput))
#35 {main}
"} 
[2026-10-09 18:52:48] local.ERROR: SQLSTATE[HY000] [2002] php_network_getaddresses: getaddrinfo for s-deeb1cf80204a56d0fecc5fda7a8c73e81a888f6.c9ttrghe1uvr.us-east-1.rds.amazonaws.com failed: nodename nor servname provided, or not known (Connection: mysql, Host: s-deeb1cf80204a56d0fecc5fda7a8c73e81a888f6.c9ttrghe1uvr.us-east-1.rds.amazonaws.com, Port: 3306, Database: green_node, SQL: select * from `users` where (`email` = admin@greennode.com) limit 1) {"exception":"[object] (Illuminate\\Database\\QueryException(code: 2002): SQLSTATE[HY000] [2002] php_network_getaddresses: getaddrinfo for s-deeb1cf80204a56d0fecc5fda7a8c73e81a888f6.c9ttrghe1uvr.us-east-1.rds.amazonaws.com failed: nodename nor servname provided, or not known (Connection: mysql, Host: s-deeb1cf80204a56d0fecc5fda7a8c73e81a888f6.c9ttrghe1uvr.us-east-1.rds.amazonaws.com, Port: 3306, Database: green_node, SQL: select * from `users` where (`email` = admin@greennode.com) limit 1) at /Users/jonathanbernate/Documents/GitHub/Green_Node/admin/vendor/laravel/framework/src/Illuminate/Database/Connection.php:857)
[stacktrace]
#0 /Users/jonathanbernate/Documents/GitHub/Green_Node/admin/vendor/laravel/framework/src/Illuminate/Database/Connection.php(1037): Illuminate\\Database\\Connection->runQueryCallback('select * from `...', Array, Object(Closure))
#1 /Users/jonathanbernate/Documents/GitHub/Green_Node/admin/vendor/laravel/framework/src/Illuminate/Database/Connection.php(1016): Illuminate\\Database\\Connection->tryAgainIfCausedByLostConnection(Object(Illuminate\\Database\\QueryException), 'select * from `...', Array, Object(Closure))
#2 /Users/jonathanbernate/Documents/GitHub/Green_Node/admin/vendor/laravel/framework/src/Illuminate/Database/Connection.php(815): Illuminate\\Database\\Connection->handleQueryException(Object(Illuminate\\Database\\QueryException), 'select * from `...', Array, Object(Closure))
#3 /Users/jonathanbernate/Documents/GitHub/Green_Node/admin/vendor/laravel/framework/src/Illuminate/Database/Connection.php(426): Illuminate\\Database\\Connection->run('select * from `...', Array, Object(Closure))
#4 /Users/jonathanbernate/Documents/GitHub/Green_Node/admin/vendor/laravel/framework/src/Illuminate/Database/Query/Builder.php(3574): Illuminate\\Database\\Connection->select('select * from `...', Array, true, Array)
#5 /Users/jonathanbernate/Documents/GitHub/Green_Node/admin/vendor/laravel/framework/src/Illuminate/Database/Query/Builder.php(3558): Illuminate\\Database\\Query\\Builder->runSelect()
#6 /Users/jonathanbernate/Documents/GitHub/Green_Node/admin/vendor/laravel/framework/src/Illuminate/Database/Eloquent/Builder.php(908): Illuminate\\Database\\Query\\Builder->get(Array)
#7 /Users/jonathanbernate/Documents/GitHub/Green_Node/admin/vendor/laravel/framework/src/Illuminate/Database/Eloquent/Builder.php(890): Illuminate\\Database\\Eloquent\\Builder->getModels(Array)
#8 /Users/jonathanbernate/Documents/GitHub/Green_Node/admin/vendor/laravel/framework/src/Illuminate/Database/Concerns/BuildsQueries.php(366): Illuminate\\Database\\Eloquent\\Builder->get(Array)
#9 /Users/jonathanbernate/Documents/GitHub/Green_Node/admin/vendor/laravel/framework/src/Illuminate/Database/Eloquent/Builder.php(712): Illuminate\\Database\\Eloquent\\Builder->first()
#10 /Users/jonathanbernate/Documents/GitHub/Green_Node/admin/vendor/laravel/framework/src/Illuminate/Database/Eloquent/Builder.php(746): Illuminate\\Database\\Eloquent\\Builder->firstOrCreate(Array, Array)
#11 /Users/jonathanbernate/Documents/GitHub/Green_Node/admin/vendor/laravel/framework/src/Illuminate/Support/Traits/ForwardsCalls.php(23): Illuminate\\Database\\Eloquent\\Builder->updateOrCreate(Array, Array)
#12 /Users/jonathanbernate/Documents/GitHub/Green_Node/admin/vendor/laravel/framework/src/Illuminate/Database/Eloquent/Model.php(2842): Illuminate\\Database\\Eloquent\\Model->forwardCallTo(Object(Illuminate\\Database\\Eloquent\\Builder), 'updateOrCreate', Array)
#13 /Users/jonathanbernate/Documents/GitHub/Green_Node/admin/vendor/laravel/framework/src/Illuminate/Database/Eloquent/Model.php(2858): Illuminate\\Database\\Eloquent\\Model->__call('updateOrCreate', Array)
#14 /Users/jonathanbernate/Documents/GitHub/Green_Node/admin/database/seeders/UserSeeder.php(15): Illuminate\\Database\\Eloquent\\Model::__callStatic('updateOrCreate', Array)
#15 /Users/jonathanbernate/Documents/GitHub/Green_Node/admin/vendor/laravel/framework/src/Illuminate/Container/BoundMethod.php(36): Database\\Seeders\\UserSeeder->run()
#16 /Users/jonathanbernate/Documents/GitHub/Green_Node/admin/vendor/laravel/framework/src/Illuminate/Container/Util.php(43): Illuminate\\Container\\BoundMethod::{closure:Illuminate\\Container\\BoundMethod::call():35}()
#17 /Users/jonathanbernate/Documents/GitHub/Green_Node/admin/vendor/laravel/framework/src/Illuminate/Container/BoundMethod.php(96): Illuminate\\Container\\Util::unwrapIfClosure(Object(Closure))
#18 /Users/jonathanbernate/Documents/GitHub/Green_Node/admin/vendor/laravel/framework/src/Illuminate/Container/BoundMethod.php(35): Illuminate\\Container\\BoundMethod::callBoundMethod(Object(Illuminate\\Foundation\\Application), Array, Object(Closure))
#19 /Users/jonathanbernate/Documents/GitHub/Green_Node/admin/vendor/laravel/framework/src/Illuminate/Container/Container.php(800): Illuminate\\Container\\BoundMethod::call(Object(Illuminate\\Foundation\\Application), Array, Array, NULL)
#20 /Users/jonathanbernate/Documents/GitHub/Green_Node/admin/vendor/laravel/framework/src/Illuminate/Database/Seeder.php(184): Illuminate\\Container\\Container->call(Array, Array)
#21 /Users/jonathanbernate/Documents/GitHub/Green_Node/admin/vendor/laravel/framework/src/Illuminate/Database/Seeder.php(191): Illuminate\\Database\\Seeder->{closure:Illuminate\\Database\\Seeder::__invoke():183}()
#22 /Users/jonathanbernate/Documents/GitHub/Green_Node/admin/vendor/laravel/framework/src/Illuminate/Database/Seeder.php(59): Illuminate\\Database\\Seeder->__invoke(Array)
#23 /Users/jonathanbernate/Documents/GitHub/Green_Node/admin/database/seeders/DatabaseSeeder.php(11): Illuminate\\Database\\Seeder->call('Database\\\\Seeder...')
#24 /Users/jonathanbernate/Documents/GitHub/Green_Node/admin/vendor/laravel/framework/src/Illuminate/Container/BoundMethod.php(36): Database\\Seeders\\DatabaseSeeder->run()
#25 /Users/jonathanbernate/Documents/GitHub/Green_Node/admin/vendor/laravel/framework/src/Illuminate/Container/Util.php(43): Illuminate\\Container\\BoundMethod::{closure:Illuminate\\Container\\BoundMethod::call():35}()
#26 /Users/jonathanbernate/Documents/GitHub/Green_Node/admin/vendor/laravel/framework/src/Illuminate/Container/BoundMethod.php(96): Illuminate\\Container\\Util::unwrapIfClosure(Object(Closure))
#27 /Users/jonathanbernate/Documents/GitHub/Green_Node/admin/vendor/laravel/framework/src/Illuminate/Container/BoundMethod.php(35): Illuminate\\Container\\BoundMethod::callBoundMethod(Object(Illuminate\\Foundation\\Application), Array, Object(Closure))
#28 /Users/jonathanbernate/Documents/GitHub/Green_Node/admin/vendor/laravel/framework/src/Illuminate/Container/Container.php(800): Illuminate\\Container\\BoundMethod::call(Object(Illuminate\\Foundation\\Application), Array, Array, NULL)
#29 /Users/jonathanbernate/Documents/GitHub/Green_Node/admin/vendor/laravel/framework/src/Illuminate/Database/Seeder.php(184): Illuminate\\Container\\Container->call(Array, Array)
#30 /Users/jonathanbernate/Documents/GitHub/Green_Node/admin/vendor/laravel/framework/src/Illuminate/Database/Seeder.php(191): Illuminate\\Database\\Seeder->{closure:Illuminate\\Database\\Seeder::__invoke():183}()
#31 /Users/jonathanbernate/Documents/GitHub/Green_Node/admin/vendor/laravel/framework/src/Illuminate/Database/Console/Seeds/SeedCommand.php(71): Illuminate\\Database\\Seeder->__invoke()
#32 /Users/jonathanbernate/Documents/GitHub/Green_Node/admin/vendor/laravel/framework/src/Illuminate/Database/Eloquent/Concerns/GuardsAttributes.php(185): Illuminate\\Database\\Console\\Seeds\\SeedCommand->{closure:Illuminate\\Database\\Console\\Seeds\\SeedCommand::handle():70}()
#33 /Users/jonathanbernate/Documents/GitHub/Green_Node/admin/vendor/laravel/framework/src/Illuminate/Database/Console/Seeds/SeedCommand.php(70): Illuminate\\Database\\Eloquent\\Model::unguarded(Object(Closure))
#34 /Users/jonathanbernate/Documents/GitHub/Green_Node/admin/vendor/laravel/framework/src/Illuminate/Container/BoundMethod.php(36): Illuminate\\Database\\Console\\Seeds\\SeedCommand->handle()
#35 /Users/jonathanbernate/Documents/GitHub/Green_Node/admin/vendor/laravel/framework/src/Illuminate/Container/Util.php(43): Illuminate\\Container\\BoundMethod::{closure:Illuminate\\Container\\BoundMethod::call():35}()
#36 /Users/jonathanbernate/Documents/GitHub/Green_Node/admin/vendor/laravel/framework/src/Illuminate/Container/BoundMethod.php(96): Illuminate\\Container\\Util::unwrapIfClosure(Object(Closure))
#37 /Users/jonathanbernate/Documents/GitHub/Green_Node/admin/vendor/laravel/framework/src/Illuminate/Container/BoundMethod.php(35): Illuminate\\Container\\BoundMethod::callBoundMethod(Object(Illuminate\\Foundation\\Application), Array, Object(Closure))
#38 /Users/jonathanbernate/Documents/GitHub/Green_Node/admin/vendor/laravel/framework/src/Illuminate/Container/Container.php(800): Illuminate\\Container\\BoundMethod::call(Object(Illuminate\\Foundation\\Application), Array, Array, NULL)
#39 /Users/jonathanbernate/Documents/GitHub/Green_Node/admin/vendor/laravel/framework/src/Illuminate/Console/Command.php(280): Illuminate\\Container\\Container->call(Array)
#40 /Users/jonathanbernate/Documents/GitHub/Green_Node/admin/vendor/symfony/console/Command/Command.php(341): Illuminate\\Console\\Command->execute(Object(Symfony\\Component\\Console\\Input\\ArgvInput), Object(Laravel\\Pao\\Laravel\\PaoOutputStyle))
#41 /Users/jonathanbernate/Documents/GitHub/Green_Node/admin/vendor/laravel/framework/src/Illuminate/Console/Command.php(249): Symfony\\Component\\Console\\Command\\Command->run(Object(Symfony\\Component\\Console\\Input\\ArgvInput), Object(Laravel\\Pao\\Laravel\\PaoOutputStyle))
#42 /Users/jonathanbernate/Documents/GitHub/Green_Node/admin/vendor/symfony/console/Application.php(1117): Illuminate\\Console\\Command->run(Object(Symfony\\Component\\Console\\Input\\ArgvInput), Object(Symfony\\Component\\Console\\Output\\ConsoleOutput))
#43 /Users/jonathanbernate/Documents/GitHub/Green_Node/admin/vendor/symfony/console/Application.php(356): Symfony\\Component\\Console\\Application->doRunCommand(Object(Illuminate\\Database\\Console\\Seeds\\SeedCommand), Object(Symfony\\Component\\Console\\Input\\ArgvInput), Object(Symfony\\Component\\Console\\Output\\ConsoleOutput))
#44 /Users/jonathanbernate/Documents/GitHub/Green_Node/admin/vendor/symfony/console/Application.php(195): Symfony\\Component\\Console\\Application->doRun(Object(Symfony\\Component\\Console\\Input\\ArgvInput), Object(Symfony\\Component\\Console\\Output\\ConsoleOutput))
#45 /Users/jonathanbernate/Documents/GitHub/Green_Node/admin/vendor/laravel/framework/src/Illuminate/Foundation/Console/Kernel.php(198): Symfony\\Component\\Console\\Application->run(Object(Symfony\\Component\\Console\\Input\\ArgvInput), Object(Symfony\\Component\\Console\\Output\\ConsoleOutput))
#46 /Users/jonathanbernate/Documents/GitHub/Green_Node/admin/artisan(15): Illuminate\\Foundation\\Console\\Kernel->handle(Object(Symfony\\Component\\Console\\Input\\ArgvInput), Object(Symfony\\Component\\Console\\Output\\ConsoleOutput))
#47 {main}

[previous exception] [object] (PDOException(code: 2002): SQLSTATE[HY000] [2002] php_network_getaddresses: getaddrinfo for s-deeb1cf80204a56d0fecc5fda7a8c73e81a888f6.c9ttrghe1uvr.us-east-1.rds.amazonaws.com failed: nodename nor servname provided, or not known at /Users/jonathanbernate/Documents/GitHub/Green_Node/admin/vendor/laravel/framework/src/Illuminate/Database/Connectors/Connector.php:67)
[stacktrace]
#0 /Users/jonathanbernate/Documents/GitHub/Green_Node/admin/vendor/laravel/framework/src/Illuminate/Database/Connectors/Connector.php(67): PDO::connect('mysql:host=s-de...', 'dbmasteruser', Object(SensitiveParameterValue), Array)
#1 /Users/jonathanbernate/Documents/GitHub/Green_Node/admin/vendor/laravel/framework/src/Illuminate/Database/Connectors/Connector.php(85): Illuminate\\Database\\Connectors\\Connector->createPdoConnection('mysql:host=s-de...', 'dbmasteruser', Object(SensitiveParameterValue), Array)
#2 /Users/jonathanbernate/Documents/GitHub/Green_Node/admin/vendor/laravel/framework/src/Illuminate/Database/Connectors/Connector.php(48): Illuminate\\Database\\Connectors\\Connector->tryAgainIfCausedByLostConnection(Object(PDOException), 'mysql:host=s-de...', 'dbmasteruser', Object(SensitiveParameterValue), Array)
#3 /Users/jonathanbernate/Documents/GitHub/Green_Node/admin/vendor/laravel/framework/src/Illuminate/Database/Connectors/MySqlConnector.php(24): Illuminate\\Database\\Connectors\\Connector->createConnection('mysql:host=s-de...', Array, Array)
#4 /Users/jonathanbernate/Documents/GitHub/Green_Node/admin/vendor/laravel/framework/src/Illuminate/Database/Connectors/ConnectionFactory.php(220): Illuminate\\Database\\Connectors\\MySqlConnector->connect(Array)
#5 [internal function]: Illuminate\\Database\\Connectors\\ConnectionFactory->{closure:Illuminate\\Database\\Connectors\\ConnectionFactory::createPdoResolverWithHosts():213}()
#6 /Users/jonathanbernate/Documents/GitHub/Green_Node/admin/vendor/laravel/framework/src/Illuminate/Database/Connection.php(1297): call_user_func(Object(Closure))
#7 /Users/jonathanbernate/Documents/GitHub/Green_Node/admin/vendor/laravel/framework/src/Illuminate/Database/Connection.php(1335): Illuminate\\Database\\Connection->getPdo()
#8 /Users/jonathanbernate/Documents/GitHub/Green_Node/admin/vendor/laravel/framework/src/Illuminate/Database/Connection.php(542): Illuminate\\Database\\Connection->getReadPdo()
#9 /Users/jonathanbernate/Documents/GitHub/Green_Node/admin/vendor/laravel/framework/src/Illuminate/Database/Connection.php(435): Illuminate\\Database\\Connection->getPdoForSelect(true)
#10 /Users/jonathanbernate/Documents/GitHub/Green_Node/admin/vendor/laravel/framework/src/Illuminate/Database/Connection.php(846): Illuminate\\Database\\Connection->{closure:Illuminate\\Database\\Connection::select():426}('select * from `...', Array)
#11 /Users/jonathanbernate/Documents/GitHub/Green_Node/admin/vendor/laravel/framework/src/Illuminate/Database/Connection.php(1037): Illuminate\\Database\\Connection->runQueryCallback('select * from `...', Array, Object(Closure))
#12 /Users/jonathanbernate/Documents/GitHub/Green_Node/admin/vendor/laravel/framework/src/Illuminate/Database/Connection.php(1016): Illuminate\\Database\\Connection->tryAgainIfCausedByLostConnection(Object(Illuminate\\Database\\QueryException), 'select * from `...', Array, Object(Closure))
#13 /Users/jonathanbernate/Documents/GitHub/Green_Node/admin/vendor/laravel/framework/src/Illuminate/Database/Connection.php(815): Illuminate\\Database\\Connection->handleQueryException(Object(Illuminate\\Database\\QueryException), 'select * from `...', Array, Object(Closure))
#14 /Users/jonathanbernate/Documents/GitHub/Green_Node/admin/vendor/laravel/framework/src/Illuminate/Database/Connection.php(426): Illuminate\\Database\\Connection->run('select * from `...', Array, Object(Closure))
#15 /Users/jonathanbernate/Documents/GitHub/Green_Node/admin/vendor/laravel/framework/src/Illuminate/Database/Query/Builder.php(3574): Illuminate\\Database\\Connection->select('select * from `...', Array, true, Array)
#16 /Users/jonathanbernate/Documents/GitHub/Green_Node/admin/vendor/laravel/framework/src/Illuminate/Database/Query/Builder.php(3558): Illuminate\\Database\\Query\\Builder->runSelect()
#17 /Users/jonathanbernate/Documents/GitHub/Green_Node/admin/vendor/laravel/framework/src/Illuminate/Database/Eloquent/Builder.php(908): Illuminate\\Database\\Query\\Builder->get(Array)
#18 /Users/jonathanbernate/Documents/GitHub/Green_Node/admin/vendor/laravel/framework/src/Illuminate/Database/Eloquent/Builder.php(890): Illuminate\\Database\\Eloquent\\Builder->getModels(Array)
#19 /Users/jonathanbernate/Documents/GitHub/Green_Node/admin/vendor/laravel/framework/src/Illuminate/Database/Concerns/BuildsQueries.php(366): Illuminate\\Database\\Eloquent\\Builder->get(Array)
#20 /Users/jonathanbernate/Documents/GitHub/Green_Node/admin/vendor/laravel/framework/src/Illuminate/Database/Eloquent/Builder.php(712): Illuminate\\Database\\Eloquent\\Builder->first()
#21 /Users/jonathanbernate/Documents/GitHub/Green_Node/admin/vendor/laravel/framework/src/Illuminate/Database/Eloquent/Builder.php(746): Illuminate\\Database\\Eloquent\\Builder->firstOrCreate(Array, Array)
#22 /Users/jonathanbernate/Documents/GitHub/Green_Node/admin/vendor/laravel/framework/src/Illuminate/Support/Traits/ForwardsCalls.php(23): Illuminate\\Database\\Eloquent\\Builder->updateOrCreate(Array, Array)
#23 /Users/jonathanbernate/Documents/GitHub/Green_Node/admin/vendor/laravel/framework/src/Illuminate/Database/Eloquent/Model.php(2842): Illuminate\\Database\\Eloquent\\Model->forwardCallTo(Object(Illuminate\\Database\\Eloquent\\Builder), 'updateOrCreate', Array)
#24 /Users/jonathanbernate/Documents/GitHub/Green_Node/admin/vendor/laravel/framework/src/Illuminate/Database/Eloquent/Model.php(2858): Illuminate\\Database\\Eloquent\\Model->__call('updateOrCreate', Array)
#25 /Users/jonathanbernate/Documents/GitHub/Green_Node/admin/database/seeders/UserSeeder.php(15): Illuminate\\Database\\Eloquent\\Model::__callStatic('updateOrCreate', Array)
#26 /Users/jonathanbernate/Documents/GitHub/Green_Node/admin/vendor/laravel/framework/src/Illuminate/Container/BoundMethod.php(36): Database\\Seeders\\UserSeeder->run()
#27 /Users/jonathanbernate/Documents/GitHub/Green_Node/admin/vendor/laravel/framework/src/Illuminate/Container/Util.php(43): Illuminate\\Container\\BoundMethod::{closure:Illuminate\\Container\\BoundMethod::call():35}()
#28 /Users/jonathanbernate/Documents/GitHub/Green_Node/admin/vendor/laravel/framework/src/Illuminate/Container/BoundMethod.php(96): Illuminate\\Container\\Util::unwrapIfClosure(Object(Closure))
#29 /Users/jonathanbernate/Documents/GitHub/Green_Node/admin/vendor/laravel/framework/src/Illuminate/Container/BoundMethod.php(35): Illuminate\\Container\\BoundMethod::callBoundMethod(Object(Illuminate\\Foundation\\Application), Array, Object(Closure))
#30 /Users/jonathanbernate/Documents/GitHub/Green_Node/admin/vendor/laravel/framework/src/Illuminate/Container/Container.php(800): Illuminate\\Container\\BoundMethod::call(Object(Illuminate\\Foundation\\Application), Array, Array, NULL)
#31 /Users/jonathanbernate/Documents/GitHub/Green_Node/admin/vendor/laravel/framework/src/Illuminate/Database/Seeder.php(184): Illuminate\\Container\\Container->call(Array, Array)
#32 /Users/jonathanbernate/Documents/GitHub/Green_Node/admin/vendor/laravel/framework/src/Illuminate/Database/Seeder.php(191): Illuminate\\Database\\Seeder->{closure:Illuminate\\Database\\Seeder::__invoke():183}()
#33 /Users/jonathanbernate/Documents/GitHub/Green_Node/admin/vendor/laravel/framework/src/Illuminate/Database/Seeder.php(59): Illuminate\\Database\\Seeder->__invoke(Array)
#34 /Users/jonathanbernate/Documents/GitHub/Green_Node/admin/database/seeders/DatabaseSeeder.php(11): Illuminate\\Database\\Seeder->call('Database\\\\Seeder...')
#35 /Users/jonathanbernate/Documents/GitHub/Green_Node/admin/vendor/laravel/framework/src/Illuminate/Container/BoundMethod.php(36): Database\\Seeders\\DatabaseSeeder->run()
#36 /Users/jonathanbernate/Documents/GitHub/Green_Node/admin/vendor/laravel/framework/src/Illuminate/Container/Util.php(43): Illuminate\\Container\\BoundMethod::{closure:Illuminate\\Container\\BoundMethod::call():35}()
#37 /Users/jonathanbernate/Documents/GitHub/Green_Node/admin/vendor/laravel/framework/src/Illuminate/Container/BoundMethod.php(96): Illuminate\\Container\\Util::unwrapIfClosure(Object(Closure))
#38 /Users/jonathanbernate/Documents/GitHub/Green_Node/admin/vendor/laravel/framework/src/Illuminate/Container/BoundMethod.php(35): Illuminate\\Container\\BoundMethod::callBoundMethod(Object(Illuminate\\Foundation\\Application), Array, Object(Closure))
#39 /Users/jonathanbernate/Documents/GitHub/Green_Node/admin/vendor/laravel/framework/src/Illuminate/Container/Container.php(800): Illuminate\\Container\\BoundMethod::call(Object(Illuminate\\Foundation\\Application), Array, Array, NULL)
#40 /Users/jonathanbernate/Documents/GitHub/Green_Node/admin/vendor/laravel/framework/src/Illuminate/Database/Seeder.php(184): Illuminate\\Container\\Container->call(Array, Array)
#41 /Users/jonathanbernate/Documents/GitHub/Green_Node/admin/vendor/laravel/framework/src/Illuminate/Database/Seeder.php(191): Illuminate\\Database\\Seeder->{closure:Illuminate\\Database\\Seeder::__invoke():183}()
#42 /Users/jonathanbernate/Documents/GitHub/Green_Node/admin/vendor/laravel/framework/src/Illuminate/Database/Console/Seeds/SeedCommand.php(71): Illuminate\\Database\\Seeder->__invoke()
#43 /Users/jonathanbernate/Documents/GitHub/Green_Node/admin/vendor/laravel/framework/src/Illuminate/Database/Eloquent/Concerns/GuardsAttributes.php(185): Illuminate\\Database\\Console\\Seeds\\SeedCommand->{closure:Illuminate\\Database\\Console\\Seeds\\SeedCommand::handle():70}()
#44 /Users/jonathanbernate/Documents/GitHub/Green_Node/admin/vendor/laravel/framework/src/Illuminate/Database/Console/Seeds/SeedCommand.php(70): Illuminate\\Database\\Eloquent\\Model::unguarded(Object(Closure))
#45 /Users/jonathanbernate/Documents/GitHub/Green_Node/admin/vendor/laravel/framework/src/Illuminate/Container/BoundMethod.php(36): Illuminate\\Database\\Console\\Seeds\\SeedCommand->handle()
#46 /Users/jonathanbernate/Documents/GitHub/Green_Node/admin/vendor/laravel/framework/src/Illuminate/Container/Util.php(43): Illuminate\\Container\\BoundMethod::{closure:Illuminate\\Container\\BoundMethod::call():35}()
#47 /Users/jonathanbernate/Documents/GitHub/Green_Node/admin/vendor/laravel/framework/src/Illuminate/Container/BoundMethod.php(96): Illuminate\\Container\\Util::unwrapIfClosure(Object(Closure))
#48 /Users/jonathanbernate/Documents/GitHub/Green_Node/admin/vendor/laravel/framework/src/Illuminate/Container/BoundMethod.php(35): Illuminate\\Container\\BoundMethod::callBoundMethod(Object(Illuminate\\Foundation\\Application), Array, Object(Closure))
#49 /Users/jonathanbernate/Documents/GitHub/Green_Node/admin/vendor/laravel/framework/src/Illuminate/Container/Container.php(800): Illuminate\\Container\\BoundMethod::call(Object(Illuminate\\Foundation\\Application), Array, Array, NULL)
#50 /Users/jonathanbernate/Documents/GitHub/Green_Node/admin/vendor/laravel/framework/src/Illuminate/Console/Command.php(280): Illuminate\\Container\\Container->call(Array)
#51 /Users/jonathanbernate/Documents/GitHub/Green_Node/admin/vendor/symfony/console/Command/Command.php(341): Illuminate\\Console\\Command->execute(Object(Symfony\\Component\\Console\\Input\\ArgvInput), Object(Laravel\\Pao\\Laravel\\PaoOutputStyle))
#52 /Users/jonathanbernate/Documents/GitHub/Green_Node/admin/vendor/laravel/framework/src/Illuminate/Console/Command.php(249): Symfony\\Component\\Console\\Command\\Command->run(Object(Symfony\\Component\\Console\\Input\\ArgvInput), Object(Laravel\\Pao\\Laravel\\PaoOutputStyle))
#53 /Users/jonathanbernate/Documents/GitHub/Green_Node/admin/vendor/symfony/console/Application.php(1117): Illuminate\\Console\\Command->run(Object(Symfony\\Component\\Console\\Input\\ArgvInput), Object(Symfony\\Component\\Console\\Output\\ConsoleOutput))
#54 /Users/jonathanbernate/Documents/GitHub/Green_Node/admin/vendor/symfony/console/Application.php(356): Symfony\\Component\\Console\\Application->doRunCommand(Object(Illuminate\\Database\\Console\\Seeds\\SeedCommand), Object(Symfony\\Component\\Console\\Input\\ArgvInput), Object(Symfony\\Component\\Console\\Output\\ConsoleOutput))
#55 /Users/jonathanbernate/Documents/GitHub/Green_Node/admin/vendor/symfony/console/Application.php(195): Symfony\\Component\\Console\\Application->doRun(Object(Symfony\\Component\\Console\\Input\\ArgvInput), Object(Symfony\\Component\\Console\\Output\\ConsoleOutput))
#56 /Users/jonathanbernate/Documents/GitHub/Green_Node/admin/vendor/laravel/framework/src/Illuminate/Foundation/Console/Kernel.php(198): Symfony\\Component\\Console\\Application->run(Object(Symfony\\Component\\Console\\Input\\ArgvInput), Object(Symfony\\Component\\Console\\Output\\ConsoleOutput))
#57 /Users/jonathanbernate/Documents/GitHub/Green_Node/admin/artisan(15): Illuminate\\Foundation\\Console\\Kernel->handle(Object(Symfony\\Component\\Console\\Input\\ArgvInput), Object(Symfony\\Component\\Console\\Output\\ConsoleOutput))
#58 {main}

[previous exception] [object] (PDOException(code: 0): PDO::connect(): php_network_getaddresses: getaddrinfo for s-deeb1cf80204a56d0fecc5fda7a8c73e81a888f6.c9ttrghe1uvr.us-east-1.rds.amazonaws.com failed: nodename nor servname provided, or not known at /Users/jonathanbernate/Documents/GitHub/Green_Node/admin/vendor/laravel/framework/src/Illuminate/Database/Connectors/Connector.php:67)
[stacktrace]
#0 /Users/jonathanbernate/Documents/GitHub/Green_Node/admin/vendor/laravel/framework/src/Illuminate/Database/Connectors/Connector.php(67): PDO::connect('mysql:host=s-de...', 'dbmasteruser', Object(SensitiveParameterValue), Array)
#1 /Users/jonathanbernate/Documents/GitHub/Green_Node/admin/vendor/laravel/framework/src/Illuminate/Database/Connectors/Connector.php(85): Illuminate\\Database\\Connectors\\Connector->createPdoConnection('mysql:host=s-de...', 'dbmasteruser', Object(SensitiveParameterValue), Array)
#2 /Users/jonathanbernate/Documents/GitHub/Green_Node/admin/vendor/laravel/framework/src/Illuminate/Database/Connectors/Connector.php(48): Illuminate\\Database\\Connectors\\Connector->tryAgainIfCausedByLostConnection(Object(PDOException), 'mysql:host=s-de...', 'dbmasteruser', Object(SensitiveParameterValue), Array)
#3 /Users/jonathanbernate/Documents/GitHub/Green_Node/admin/vendor/laravel/framework/src/Illuminate/Database/Connectors/MySqlConnector.php(24): Illuminate\\Database\\Connectors\\Connector->createConnection('mysql:host=s-de...', Array, Array)
#4 /Users/jonathanbernate/Documents/GitHub/Green_Node/admin/vendor/laravel/framework/src/Illuminate/Database/Connectors/ConnectionFactory.php(220): Illuminate\\Database\\Connectors\\MySqlConnector->connect(Array)
#5 [internal function]: Illuminate\\Database\\Connectors\\ConnectionFactory->{closure:Illuminate\\Database\\Connectors\\ConnectionFactory::createPdoResolverWithHosts():213}()
#6 /Users/jonathanbernate/Documents/GitHub/Green_Node/admin/vendor/laravel/framework/src/Illuminate/Database/Connection.php(1297): call_user_func(Object(Closure))
#7 /Users/jonathanbernate/Documents/GitHub/Green_Node/admin/vendor/laravel/framework/src/Illuminate/Database/Connection.php(1335): Illuminate\\Database\\Connection->getPdo()
#8 /Users/jonathanbernate/Documents/GitHub/Green_Node/admin/vendor/laravel/framework/src/Illuminate/Database/Connection.php(542): Illuminate\\Database\\Connection->getReadPdo()
#9 /Users/jonathanbernate/Documents/GitHub/Green_Node/admin/vendor/laravel/framework/src/Illuminate/Database/Connection.php(435): Illuminate\\Database\\Connection->getPdoForSelect(true)
#10 /Users/jonathanbernate/Documents/GitHub/Green_Node/admin/vendor/laravel/framework/src/Illuminate/Database/Connection.php(846): Illuminate\\Database\\Connection->{closure:Illuminate\\Database\\Connection::select():426}('select * from `...', Array)
#11 /Users/jonathanbernate/Documents/GitHub/Green_Node/admin/vendor/laravel/framework/src/Illuminate/Database/Connection.php(1037): Illuminate\\Database\\Connection->runQueryCallback('select * from `...', Array, Object(Closure))
#12 /Users/jonathanbernate/Documents/GitHub/Green_Node/admin/vendor/laravel/framework/src/Illuminate/Database/Connection.php(1016): Illuminate\\Database\\Connection->tryAgainIfCausedByLostConnection(Object(Illuminate\\Database\\QueryException), 'select * from `...', Array, Object(Closure))
#13 /Users/jonathanbernate/Documents/GitHub/Green_Node/admin/vendor/laravel/framework/src/Illuminate/Database/Connection.php(815): Illuminate\\Database\\Connection->handleQueryException(Object(Illuminate\\Database\\QueryException), 'select * from `...', Array, Object(Closure))
#14 /Users/jonathanbernate/Documents/GitHub/Green_Node/admin/vendor/laravel/framework/src/Illuminate/Database/Connection.php(426): Illuminate\\Database\\Connection->run('select * from `...', Array, Object(Closure))
#15 /Users/jonathanbernate/Documents/GitHub/Green_Node/admin/vendor/laravel/framework/src/Illuminate/Database/Query/Builder.php(3574): Illuminate\\Database\\Connection->select('select * from `...', Array, true, Array)
#16 /Users/jonathanbernate/Documents/GitHub/Green_Node/admin/vendor/laravel/framework/src/Illuminate/Database/Query/Builder.php(3558): Illuminate\\Database\\Query\\Builder->runSelect()
#17 /Users/jonathanbernate/Documents/GitHub/Green_Node/admin/vendor/laravel/framework/src/Illuminate/Database/Eloquent/Builder.php(908): Illuminate\\Database\\Query\\Builder->get(Array)
#18 /Users/jonathanbernate/Documents/GitHub/Green_Node/admin/vendor/laravel/framework/src/Illuminate/Database/Eloquent/Builder.php(890): Illuminate\\Database\\Eloquent\\Builder->getModels(Array)
#19 /Users/jonathanbernate/Documents/GitHub/Green_Node/admin/vendor/laravel/framework/src/Illuminate/Database/Concerns/BuildsQueries.php(366): Illuminate\\Database\\Eloquent\\Builder->get(Array)
#20 /Users/jonathanbernate/Documents/GitHub/Green_Node/admin/vendor/laravel/framework/src/Illuminate/Database/Eloquent/Builder.php(712): Illuminate\\Database\\Eloquent\\Builder->first()
#21 /Users/jonathanbernate/Documents/GitHub/Green_Node/admin/vendor/laravel/framework/src/Illuminate/Database/Eloquent/Builder.php(746): Illuminate\\Database\\Eloquent\\Builder->firstOrCreate(Array, Array)
#22 /Users/jonathanbernate/Documents/GitHub/Green_Node/admin/vendor/laravel/framework/src/Illuminate/Support/Traits/ForwardsCalls.php(23): Illuminate\\Database\\Eloquent\\Builder->updateOrCreate(Array, Array)
#23 /Users/jonathanbernate/Documents/GitHub/Green_Node/admin/vendor/laravel/framework/src/Illuminate/Database/Eloquent/Model.php(2842): Illuminate\\Database\\Eloquent\\Model->forwardCallTo(Object(Illuminate\\Database\\Eloquent\\Builder), 'updateOrCreate', Array)
#24 /Users/jonathanbernate/Documents/GitHub/Green_Node/admin/vendor/laravel/framework/src/Illuminate/Database/Eloquent/Model.php(2858): Illuminate\\Database\\Eloquent\\Model->__call('updateOrCreate', Array)
#25 /Users/jonathanbernate/Documents/GitHub/Green_Node/admin/database/seeders/UserSeeder.php(15): Illuminate\\Database\\Eloquent\\Model::__callStatic('updateOrCreate', Array)
#26 /Users/jonathanbernate/Documents/GitHub/Green_Node/admin/vendor/laravel/framework/src/Illuminate/Container/BoundMethod.php(36): Database\\Seeders\\UserSeeder->run()
#27 /Users/jonathanbernate/Documents/GitHub/Green_Node/admin/vendor/laravel/framework/src/Illuminate/Container/Util.php(43): Illuminate\\Container\\BoundMethod::{closure:Illuminate\\Container\\BoundMethod::call():35}()
#28 /Users/jonathanbernate/Documents/GitHub/Green_Node/admin/vendor/laravel/framework/src/Illuminate/Container/BoundMethod.php(96): Illuminate\\Container\\Util::unwrapIfClosure(Object(Closure))
#29 /Users/jonathanbernate/Documents/GitHub/Green_Node/admin/vendor/laravel/framework/src/Illuminate/Container/BoundMethod.php(35): Illuminate\\Container\\BoundMethod::callBoundMethod(Object(Illuminate\\Foundation\\Application), Array, Object(Closure))
#30 /Users/jonathanbernate/Documents/GitHub/Green_Node/admin/vendor/laravel/framework/src/Illuminate/Container/Container.php(800): Illuminate\\Container\\BoundMethod::call(Object(Illuminate\\Foundation\\Application), Array, Array, NULL)
#31 /Users/jonathanbernate/Documents/GitHub/Green_Node/admin/vendor/laravel/framework/src/Illuminate/Database/Seeder.php(184): Illuminate\\Container\\Container->call(Array, Array)
#32 /Users/jonathanbernate/Documents/GitHub/Green_Node/admin/vendor/laravel/framework/src/Illuminate/Database/Seeder.php(191): Illuminate\\Database\\Seeder->{closure:Illuminate\\Database\\Seeder::__invoke():183}()
#33 /Users/jonathanbernate/Documents/GitHub/Green_Node/admin/vendor/laravel/framework/src/Illuminate/Database/Seeder.php(59): Illuminate\\Database\\Seeder->__invoke(Array)
#34 /Users/jonathanbernate/Documents/GitHub/Green_Node/admin/database/seeders/DatabaseSeeder.php(11): Illuminate\\Database\\Seeder->call('Database\\\\Seeder...')
#35 /Users/jonathanbernate/Documents/GitHub/Green_Node/admin/vendor/laravel/framework/src/Illuminate/Container/BoundMethod.php(36): Database\\Seeders\\DatabaseSeeder->run()
#36 /Users/jonathanbernate/Documents/GitHub/Green_Node/admin/vendor/laravel/framework/src/Illuminate/Container/Util.php(43): Illuminate\\Container\\BoundMethod::{closure:Illuminate\\Container\\BoundMethod::call():35}()
#37 /Users/jonathanbernate/Documents/GitHub/Green_Node/admin/vendor/laravel/framework/src/Illuminate/Container/BoundMethod.php(96): Illuminate\\Container\\Util::unwrapIfClosure(Object(Closure))
#38 /Users/jonathanbernate/Documents/GitHub/Green_Node/admin/vendor/laravel/framework/src/Illuminate/Container/BoundMethod.php(35): Illuminate\\Container\\BoundMethod::callBoundMethod(Object(Illuminate\\Foundation\\Application), Array, Object(Closure))
#39 /Users/jonathanbernate/Documents/GitHub/Green_Node/admin/vendor/laravel/framework/src/Illuminate/Container/Container.php(800): Illuminate\\Container\\BoundMethod::call(Object(Illuminate\\Foundation\\Application), Array, Array, NULL)
#40 /Users/jonathanbernate/Documents/GitHub/Green_Node/admin/vendor/laravel/framework/src/Illuminate/Database/Seeder.php(184): Illuminate\\Container\\Container->call(Array, Array)
#41 /Users/jonathanbernate/Documents/GitHub/Green_Node/admin/vendor/laravel/framework/src/Illuminate/Database/Seeder.php(191): Illuminate\\Database\\Seeder->{closure:Illuminate\\Database\\Seeder::__invoke():183}()
#42 /Users/jonathanbernate/Documents/GitHub/Green_Node/admin/vendor/laravel/framework/src/Illuminate/Database/Console/Seeds/SeedCommand.php(71): Illuminate\\Database\\Seeder->__invoke()
#43 /Users/jonathanbernate/Documents/GitHub/Green_Node/admin/vendor/laravel/framework/src/Illuminate/Database/Eloquent/Concerns/GuardsAttributes.php(185): Illuminate\\Database\\Console\\Seeds\\SeedCommand->{closure:Illuminate\\Database\\Console\\Seeds\\SeedCommand::handle():70}()
#44 /Users/jonathanbernate/Documents/GitHub/Green_Node/admin/vendor/laravel/framework/src/Illuminate/Database/Console/Seeds/SeedCommand.php(70): Illuminate\\Database\\Eloquent\\Model::unguarded(Object(Closure))
#45 /Users/jonathanbernate/Documents/GitHub/Green_Node/admin/vendor/laravel/framework/src/Illuminate/Container/BoundMethod.php(36): Illuminate\\Database\\Console\\Seeds\\SeedCommand->handle()
#46 /Users/jonathanbernate/Documents/GitHub/Green_Node/admin/vendor/laravel/framework/src/Illuminate/Container/Util.php(43): Illuminate\\Container\\BoundMethod::{closure:Illuminate\\Container\\BoundMethod::call():35}()
#47 /Users/jonathanbernate/Documents/GitHub/Green_Node/admin/vendor/laravel/framework/src/Illuminate/Container/BoundMethod.php(96): Illuminate\\Container\\Util::unwrapIfClosure(Object(Closure))
#48 /Users/jonathanbernate/Documents/GitHub/Green_Node/admin/vendor/laravel/framework/src/Illuminate/Container/BoundMethod.php(35): Illuminate\\Container\\BoundMethod::callBoundMethod(Object(Illuminate\\Foundation\\Application), Array, Object(Closure))
#49 /Users/jonathanbernate/Documents/GitHub/Green_Node/admin/vendor/laravel/framework/src/Illuminate/Container/Container.php(800): Illuminate\\Container\\BoundMethod::call(Object(Illuminate\\Foundation\\Application), Array, Array, NULL)
#50 /Users/jonathanbernate/Documents/GitHub/Green_Node/admin/vendor/laravel/framework/src/Illuminate/Console/Command.php(280): Illuminate\\Container\\Container->call(Array)
#51 /Users/jonathanbernate/Documents/GitHub/Green_Node/admin/vendor/symfony/console/Command/Command.php(341): Illuminate\\Console\\Command->execute(Object(Symfony\\Component\\Console\\Input\\ArgvInput), Object(Laravel\\Pao\\Laravel\\PaoOutputStyle))
#52 /Users/jonathanbernate/Documents/GitHub/Green_Node/admin/vendor/laravel/framework/src/Illuminate/Console/Command.php(249): Symfony\\Component\\Console\\Command\\Command->run(Object(Symfony\\Component\\Console\\Input\\ArgvInput), Object(Laravel\\Pao\\Laravel\\PaoOutputStyle))
#53 /Users/jonathanbernate/Documents/GitHub/Green_Node/admin/vendor/symfony/console/Application.php(1117): Illuminate\\Console\\Command->run(Object(Symfony\\Component\\Console\\Input\\ArgvInput), Object(Symfony\\Component\\Console\\Output\\ConsoleOutput))
#54 /Users/jonathanbernate/Documents/GitHub/Green_Node/admin/vendor/symfony/console/Application.php(356): Symfony\\Component\\Console\\Application->doRunCommand(Object(Illuminate\\Database\\Console\\Seeds\\SeedCommand), Object(Symfony\\Component\\Console\\Input\\ArgvInput), Object(Symfony\\Component\\Console\\Output\\ConsoleOutput))
#55 /Users/jonathanbernate/Documents/GitHub/Green_Node/admin/vendor/symfony/console/Application.php(195): Symfony\\Component\\Console\\Application->doRun(Object(Symfony\\Component\\Console\\Input\\ArgvInput), Object(Symfony\\Component\\Console\\Output\\ConsoleOutput))
#56 /Users/jonathanbernate/Documents/GitHub/Green_Node/admin/vendor/laravel/framework/src/Illuminate/Foundation/Console/Kernel.php(198): Symfony\\Component\\Console\\Application->run(Object(Symfony\\Component\\Console\\Input\\ArgvInput), Object(Symfony\\Component\\Console\\Output\\ConsoleOutput))
#57 /Users/jonathanbernate/Documents/GitHub/Green_Node/admin/artisan(15): Illuminate\\Foundation\\Console\\Kernel->handle(Object(Symfony\\Component\\Console\\Input\\ArgvInput), Object(Symfony\\Component\\Console\\Output\\ConsoleOutput))
#58 {main}
"} 
